,status,totalResults,source,author,title,description,url,urlToImage,publishedAt,content
0,ok,847,"{'id': 'reuters', 'name': 'Reuters'}",,JP Morgan wins $1.7 bln Nigeria oil trial in Britain - Reuters.com,"JP Morgan Chase <a href=""https://www.reuters.com/companies/JPM.N"" target=""_blank"">(JPM.N)</a> has won a $1.7 billion London High Court battle against Nigeria over its role in a disputed 2011 oilfield deal.",https://www.reuters.com/business/jp-morgan-wins-17-bln-nigeria-oil-trial-britain-2022-06-14/,https://www.reuters.com/resizer/6VnhIqdYsGM4ILcBIA2P8gF3bSQ=/800x419/smart/filters:quality(80)/cloudfront-us-east-2.images.arcpublishing.com/reuters/4RFZX3TTDFMR7OHMK7M55CDATQ.jpg,2022-06-14T11:42:00Z,"LONDON, June 14 (Reuters) - JP Morgan Chase (JPM.N) has won a $1.7 billion London High Court battle against Nigeria over its role in a disputed 2011 oilfield deal.
The civil case, which was heard ea… [+1740 chars]"
1,ok,847,"{'id': 'reuters', 'name': 'Reuters'}",,JP Morgan sees portfolio rebalancing lifting U.S. stocks 7% next week - Reuters.com,"U.S. equities could see a 7% move up next week as investors rebalance their portfolios after a brutal first half of the year, J.P. Morgan's chief global markets strategist, Marko Kolanovic, said on Friday.",https://www.reuters.com/markets/europe/jp-morgan-sees-portfolio-rebalancing-lifting-us-stocks-7-next-week-2022-06-24/,https://www.reuters.com/resizer/8a651LsLAMy2wV7qbQvy2VuwrTM=/1200x628/smart/filters:quality(80)/cloudfront-us-east-2.images.arcpublishing.com/reuters/HQCB2B4K7RPURFRVYPHIB2W5G4.jpg,2022-06-24T15:45:00Z,"NEW YORK, June 24 (Reuters) - U.S. equities could see a 7% move up next week as investors rebalance their portfolios after a brutal first half of the year, J.P. Morgan's chief global markets strategi… [+1823 chars]"
2,ok,847,"{'id': 'reuters', 'name': 'Reuters'}",,Credit Suisse reinforces UK investment banking team with two hires- memo - Reuters.com,"Switzerland's second-largest bank Credit Suisse <a href=""https://www.reuters.com/companies/CSGN.S"" target=""_blank"">(CSGN.S)</a> has hired two managing directors from JP Morgan <a href=""https://www.reuters.com/companies/JPM.N"" target=""_blank"">(JPM.N)</a> and B…",https://www.reuters.com/business/finance/credit-suisse-reinforces-uk-investment-banking-team-with-two-hires-memo-2022-06-15/,https://www.reuters.com/resizer/j1pDWlfZAncCKU2uQMA7zFWjOQM=/1200x628/smart/filters:quality(80)/cloudfront-us-east-2.images.arcpublishing.com/reuters/6IGBOXT4HBMIFEGVGGVFXLA54A.jpg,2022-06-15T10:42:00Z,"LONDON, June 15 (Reuters) - Switzerland's second-largest bank Credit Suisse (CSGN.S) has hired two managing directors from JP Morgan (JPM.N) and BNP Paribas (BNPP.PA) to reinforce its UK investment b… [+1205 chars]"
3,ok,847,"{'id': None, 'name': 'MacRumors'}",Tim Hardwick,"Apple Music and Apple Arcade to Earn $8.2 Billion Annual Revenue by 2025, Says JP Morgan Analyst","Apple's revenue from its music and gaming subscription services is expected to jump 36% to $8.2 billion annually by 2025, according to JP Morgan (via Reuters).





The U.S. investment bank's analyst Samik Chatterjee on Monday said Apple Music and Apple Arcad…",https://www.macrumors.com/2022/06/14/apple-music-arcade-8-billion-revenue-by-2025/,https://images.macrumors.com/t/FhOW85qUG3EZBw65R3J6aWTQMFI=/1600x/article-new/2021/08/apple-music.jpg,2022-06-14T11:34:28Z,"Apple's revenue from its music and gaming subscription services is expected to jump 36% to $8.2 billion annually by 2025, according to JP Morgan (via Reuters).
The U.S. investment bank's analyst Sam… [+660 chars]"
4,ok,847,"{'id': 'bbc-news', 'name': 'BBC News'}",https://www.facebook.com/bbcnews,Roe v Wade: US firms pledge to pay staff travel expenses for abortions,"Disney, JP Morgan and Meta are among the companies to confirm such policies after the Roe v Wade ruling.",https://www.bbc.co.uk/news/business-61941591,https://ichef.bbci.co.uk/news/1024/branded_news/2DB6/production/_125620711_gettyimages-1305336410.jpg,2022-06-26T14:30:50Z,"Major companies including Disney, JP Morgan and Facebook owner Meta have told staff they will cover employee travel expenses for abortions, as millions of US women face restricted access.
It follows… [+3472 chars]"
5,ok,847,"{'id': 'reuters', 'name': 'Reuters'}",,Italian refrigeration group Epta weighs listing in Milan before August - sources - Reuters,"Italian refrigeration group Epta could list on the Milan Stock Exchange before August, aiming for an enterprise value of 1.8 billion euros ($1.9 billion), two sources with knowledge of the matter told Reuters on Wednesday.",https://www.reuters.com/business/italian-refrigeration-group-epta-weighs-listing-milan-before-august-sources-2022-06-08/,https://www.reuters.com/pf/resources/images/reuters/reuters-default.png?d=98,2022-06-08T14:27:00Z,"MILAN, June 8 (Reuters) - Italian refrigeration group Epta could list on the Milan Stock Exchange before August, aiming for an enterprise value of 1.8 billion euros ($1.9 billion), two sources with k… [+1487 chars]"
6,ok,847,"{'id': None, 'name': 'MarketWatch'}",Joseph Adinolfi,"Market Extra: Stagflation, reflation, soft landing or a slump — what Wall Street expects in the second half of 2022",JP Morgan analysts sees opportunity in beaten-down growth stocks; Citi's team likes corporate bonds.,https://www.marketwatch.com/story/stagflation-reflation-soft-landing-or-a-slump-what-wall-street-expects-in-the-second-half-of-2022-11656107309,https://images.mktw.net/im-566237/social,2022-06-24T21:48:00Z,"As the first half of 2022 draws to a close, Wall Street investment banks and their legions of strategists have been busy telling clients what they should expect in the second half of what has been an… [+5259 chars]"
7,ok,847,"{'id': 'reuters', 'name': 'Reuters'}",,U.S. banking stress indicator could worsen after Fed hike - Reuters,"An indicator of credit risk in the U.S. banking system may be showing signs of stress, as the Federal Reserve’s aggressive rate hike path ratchets up expectations of economic pain.",https://www.reuters.com/markets/us/us-banking-stress-indicator-could-worsen-after-fed-hike-2022-06-16/,https://www.reuters.com/resizer/0R2cDZugOyNaPtJA5GYUrg6W2w0=/1200x628/smart/filters:quality(80)/cloudfront-us-east-2.images.arcpublishing.com/reuters/EML6KGOLZJMFPN4SFCPIESZRMI.jpg,2022-06-16T22:22:00Z,"June 16 (Reuters) - An indicator of credit risk in the U.S. banking system may be showing signs of stress, as the Federal Reserves aggressive rate hike path ratchets up expectations of economic pain.… [+2153 chars]"
8,ok,847,"{'id': None, 'name': 'AppleInsider'}",news@appleinsider.com (Mike Peterson),"Apple ad business could reach $6B by 2025, with $4.1B from Search Ads","Apple's nascent advertising business is in a good place to take advantage of the booming mobile advertising market, though the opportunity is limited because of its privacy focus, JP Morgan says.Apple Search AdsIn a note to investors seen by AppleInsider, JP …",https://appleinsider.com/articles/22/06/15/apple-ad-business-could-reach-6b-by-2025-with-41b-from-search-ads,https://photos5.appleinsider.com/gallery/48906-95620-45081-87672-41827-81143-Apple-Search-Ads-xl-xl-xl.jpg,2022-06-15T14:11:11Z,AppleInsider is supported by its audience and may earn commission as an Amazon Associate and affiliate partner on qualifying purchases. These affiliate partnerships do not influence our editorial con… [+2843 chars]
9,ok,847,"{'id': 'reuters', 'name': 'Reuters'}",,Top three Aussie miners to shed $11 bln in market value as commodity rout accelerates - Reuters,"Australia's big three miners were on track to lose more than A$16 billion ($11.12 billion) in combined market value on Monday at current levels, as a commodities selloff over easing China demand and fears of a global recession deepened.",https://www.reuters.com/markets/stocks/top-three-aussie-miners-shed-11-bln-market-value-commodity-rout-accelerates-2022-06-20/,https://www.reuters.com/resizer/sL4Q9hwRqX9eCgMzjuIIQ9X9viM=/1200x628/smart/filters:quality(80)/cloudfront-us-east-2.images.arcpublishing.com/reuters/WJPMBQF2OBKT7HUOFKLBROHHHU.jpg,2022-06-20T04:53:00Z,"June 20 (Reuters) - Australia's big three miners were on track to lose more than A$16 billion ($11.12 billion) in combined market value on Monday at current levels, as a commodities selloff over easi… [+1781 chars]"
10,ok,847,"{'id': 'cnn', 'name': 'CNN'}",Reuters,Credit Suisse warns of yet another loss,"Credit Suisse warned on Wednesday of a likely group-wide second-quarter loss as volatility hits its investment bank, extending a losing streak stretching back to 2021.",https://www.cnn.com/2022/06/08/investing/credit-suisse-q2-profit-warning/index.html,"https://media.cnn.com/api/v1/images/stellar/prod/220608040149-02-credit-suisse-profit-warning-restricted.jpg?c=16x9&q=w_800,c_fill",2022-06-08T08:46:51Z,"Credit Suisse
(CS) warned on Wednesday of a likely group-wide second-quarter loss as volatility hits its investment bank, extending a losing streak stretching back to 2021.
Switzerlands second-larg… [+2880 chars]"
11,ok,847,"{'id': None, 'name': 'The Guardian'}",Dominic Rushe,Companies scramble to protect abortion access for employees after court ruling,"Disney, JP Morgan, Levi Strauss, Microsoft and others are offering to cover travel expenses but face a Republican backlashSome of America’s largest companies moved swiftly to protect their employees’ access to abortion after Friday’s supreme court decision to…",https://amp.theguardian.com/us-news/2022/jun/25/companies-abortion-access-employees-disney-levi-strauss-microsoft-jp-morgan,https://i.guim.co.uk/img/media/c6fd915a8354dc2154943341acf63f6cf1e33beb/0_64_3000_1800/master/3000.jpg?width=1200&height=630&quality=85&auto=format&fit=crop&overlay-align=bottom%2Cleft&overlay-width=100p&overlay-base64=L2ltZy9zdGF0aWMvb3ZlcmxheXMvdGctZGVmYXVsdC5wbmc&enable=upscale&s=cc0c27202cca9d98785d8dca9bcde815,2022-06-25T05:00:06Z,Some of Americas largest companies moved swiftly to protect their employees access to abortion after Fridays supreme court decision to end the constitutional right to an abortion in the US. The moves… [+3033 chars]
12,ok,847,"{'id': None, 'name': 'AppleInsider'}",news@appleinsider.com (Mike Peterson),"Moderate lead times suggest better than forecasted June quarter, analyst says","Estimated delivery times for Apple products show that the Mac and Apple Watch may be the most supply constrained, but the overall impact is still modest, JP Morgan says.iPhone 13 modelsIn a note to investors seen by AppleInsider, JP Morgan analyst Samik Chatt…",https://appleinsider.com/articles/22/07/05/moderate-lead-times-suggest-better-than-forecasted-june-quarter-analyst-says,https://photos5.appleinsider.com/gallery/49316-96325-51603761775_369639b589_k(1)-xl.jpg,2022-07-05T13:43:24Z,AppleInsider is supported by its audience and may earn commission as an Amazon Associate and affiliate partner on qualifying purchases. These affiliate partnerships do not influence our editorial con… [+1680 chars]
13,ok,847,"{'id': None, 'name': 'AppleInsider'}",news@appleinsider.com (Mike Peterson),"Apple Fitness+ could grow to $3.6B in revenue by 2025, analyst says","Apple Fitness+ has enough differentiation among rivals to continue growing its share of the rapidly expanding online workout market, according to investment bank JP Morgan.Credit: AppleIn a note to investors seen by AppleInsider, JP Morgan analyst Samik Chatt…",https://appleinsider.com/articles/22/06/14/apple-fitness-could-grow-to-36b-in-revenue-by-2025-analyst-says,https://photos5.appleinsider.com/gallery/48889-95570-Apple-Fitness-Plus-Header-xl.jpg,2022-06-14T13:46:35Z,AppleInsider is supported by its audience and may earn commission as an Amazon Associate and affiliate partner on qualifying purchases. These affiliate partnerships do not influence our editorial con… [+1600 chars]
14,ok,847,"{'id': None, 'name': 'The Guardian'}",Sophie Kevany,Banks and UK supermarkets accused of backing deforestation in Brazil,"By funding and stocking products from Brazilian meat giant JBS, firms have also supported land-grabbing, investigation claims Continue reading...",https://amp.theguardian.com/world/2022/jun/24/banks-and-uk-supermarkets-accused-of-backing-deforestation-in-brazil-jbs,https://i.guim.co.uk/img/media/4449e254b6338cf3b62bb1ef6006139c1cf9f6fc/0_201_3992_2396/master/3992.jpg?width=1200&height=630&quality=85&auto=format&fit=crop&overlay-align=bottom%2Cleft&overlay-width=100p&overlay-base64=L2ltZy9zdGF0aWMvb3ZlcmxheXMvdGctZGVmYXVsdC5wbmc&enable=upscale&s=a5e2ff4e1ae6f21affdf9ea560352f96,2022-06-24T18:05:09Z,"Global financiers, UK supermarkets and an Italian leather supplier have supported deforestation, land-grabbing and the use of slave labour in Brazil by funding and stocking products from the Brazilia… [+6237 chars]"
15,ok,847,"{'id': 'reuters', 'name': 'Reuters'}",,Analysis: Bank of England keeping its options open for future rate hikes - Reuters,The Bank of England has kept investors guessing about whether it is part of the pack of central banks signalling further big increases in interest rates in the face of the most severe inflation surge in decades.,https://www.reuters.com/markets/europe/bank-england-keeping-its-options-open-future-rate-hikes-2022-06-16/,https://www.reuters.com/resizer/4OCZ9kPlgSD3Ypn71n5rjb2ETPk=/728x381/smart/filters:quality(80)/cloudfront-us-east-2.images.arcpublishing.com/reuters/JZUK6EYQN5IMBP4GVRTSJEVHDA.jpg,2022-06-16T16:39:00Z,"LONDON, June 16 (Reuters) - The Bank of England has kept investors guessing about whether it is part of the pack of central banks signalling further big increases in interest rates in the face of the… [+4226 chars]"
16,ok,847,"{'id': 'reuters', 'name': 'Reuters'}",,Oil prices inch higher ahead of U.S. inventories data - Reuters.com,"Oil prices edged up on Wednesday ahead of data on U.S. oil inventories, with crude futures supported by tight supplies and recovering fuel demand as China's top cities relax COVID-19 curbs.",https://www.reuters.com/markets/commodities/oil-prices-inch-higher-ahead-us-inventories-data-2022-06-08/,https://www.reuters.com/resizer/7gsQ7i29cbHd17oPTVVenO-rSZc=/1200x628/smart/filters:quality(80)/cloudfront-us-east-2.images.arcpublishing.com/reuters/JOLFDTXCOBOQJMX4Z6EPYAEQ6M.jpg,2022-06-08T00:47:00Z,"SINGAPORE, June 8 (Reuters) - Oil prices edged up on Wednesday ahead of data on U.S. oil inventories, with crude futures supported by tight supplies and recovering fuel demand as China's top cities r… [+2339 chars]"
17,ok,847,"{'id': 'reuters', 'name': 'Reuters'}",,Australian banks slide further as RBA view raises housing market concerns - Reuters.com,"Shares of Australia's ""Big Four"" banks fell further on Thursday to hit multi-month lows, as the central bank's largest interest rate hike in 22 years earlier this week sparked fears of a sell-off in the housing market.",https://www.reuters.com/markets/stocks/australian-banks-slide-further-rba-view-raises-housing-market-concerns-2022-06-09/,https://www.reuters.com/resizer/z8_l6rakZPkA3K2daM8bT-V095s=/1200x628/smart/filters:quality(80)/cloudfront-us-east-2.images.arcpublishing.com/reuters/YZG5IFZE6ZIS3IZKDSUV3JVDXU.jpg,2022-06-09T03:11:00Z,"June 9 (Reuters) - Shares of Australia's ""Big Four"" banks fell further on Thursday to hit multi-month lows, as the central bank's largest interest rate hike in 22 years earlier this week sparked fear… [+1982 chars]"
18,ok,847,"{'id': 'cnn', 'name': 'CNN'}","Ashley Vaughan and Ryan Bergeron, CNN",Ways to celebrate and serve Juneteenth,"June 19, 2022 marks the second annual observance of Juneteenth as a federal holiday. Organizers  nationwide are kicking off a week of festivities commemorating the end of slavery in the U.S. and championing the ongoing struggle for equity and justice.  Though…",https://www.cnn.com/2022/06/14/us/iyw-juneteenth-2022/index.html,https://cdn.cnn.com/cnnnext/dam/assets/220613160502-03-iyw-juneteenth-2022-super-tease.jpg,2022-06-15T02:18:05Z,"(CNN)June 19, 2022 marks the second annual observance of Juneteenth as a federal holiday. Organizers nationwide are kicking off a week of festivities commemorating the end of slavery in the U.S. and … [+11498 chars]"
19,ok,847,"{'id': None, 'name': 'AppleInsider'}",news@appleinsider.com (Mike Peterson),"Apple Arcade is well positioned to take a slice of booming gaming market, analyst says","Apple Arcade is a unique offering among gaming services and is well-positioned to take advantage of the booming market, according to JP Morgan.Credit: AppleIn a note to investors seen by AppleInsider, JP Morgan analyst Samik Chatterjee gives a few thoughts on…",https://appleinsider.com/articles/22/06/13/apple-arcade-is-well-positioned-to-take-a-slice-of-booming-gaming-market-analyst-says,https://photos5.appleinsider.com/gallery/48869-95518-Apple-Arcade-Header-xl.jpg,2022-06-13T14:02:28Z,AppleInsider is supported by its audience and may earn commission as an Amazon Associate and affiliate partner on qualifying purchases. These affiliate partnerships do not influence our editorial con… [+1445 chars]
20,ok,847,"{'id': None, 'name': 'AppleInsider'}",news@appleinsider.com (Mike Peterson),"Apple's June quarter won't be doom and gloom, analyst says","Apple is likely to outperform Wall Street's expectations in the June quarter despite supply chain issues and macroeconomic conditions, according to JP Morgan.Apple iPhonesIn a note to investors seen by AppleInsider, JP Morgan analyst Samik Chatterjee writes t…",https://appleinsider.com/articles/22/07/01/apples-june-quarter-wont-be-doom-and-gloom-analyst-says,https://photos5.appleinsider.com/gallery/49280-96235-51603765095_f3e261f092_k(8)-xl.jpg,2022-07-01T14:18:37Z,AppleInsider is supported by its audience and may earn commission as an Amazon Associate and affiliate partner on qualifying purchases. These affiliate partnerships do not influence our editorial con… [+1946 chars]
21,ok,847,"{'id': None, 'name': 'MarketWatch'}",Joy Wiltermuth,"Market Extra: JP Morgan, Goldman economists now expect Fed to raise rates by 75 basis points on Wednesday",More Wall Street economists now expect the Federal Reserve to raise its policy rate by 75 basis points on Wednesday.,https://www.marketwatch.com/story/jp-morgan-goldman-economists-now-expect-fed-to-raise-rates-by-75-basis-points-on-wednesday-11655163658,https://images.mktw.net/im-552122/social,2022-06-13T23:40:00Z,"Economists at JP Morgan and Goldman Sachs said in client notes Monday that they now expect the Federal Reserve to raise its policy rate by 75 basis points on Wednesday.JP Morgan 
 JPM,
 -2.98%
eco… [+2307 chars]"
22,ok,847,"{'id': None, 'name': 'AppleInsider'}",news@appleinsider.com (Mike Peterson),Apple getting 'lion's share' of switchers with iPhone 13 still selling well,"The iPhone 13 and iPhone 13 Pro series is still selling better than past generations of Apple's handset, according to new data from U.S. carrier channels.iPhone 13 modelsIn a note to investors seen by AppleInsider, JP Morgan analyst Samik Chatterjee analyzes …",https://appleinsider.com/articles/22/06/15/apple-getting-lions-share-of-switchers-with-iphone-13-still-selling-well,https://photos5.appleinsider.com/gallery/48917-95653-51603765095_f3e261f092_k(6)-xl.jpg,2022-06-15T18:19:55Z,AppleInsider is supported by its audience and may earn commission as an Amazon Associate and affiliate partner on qualifying purchases. These affiliate partnerships do not influence our editorial con… [+1851 chars]
23,ok,847,"{'id': None, 'name': 'AppleInsider'}",news@appleinsider.com (Mike Peterson),Apple iPhone sales in China strongly rebound in May after downtick,"Smartphone sales data out of China suggests that Apple's iPhone is selling better than previous years in the month of May alongside an uptick in total shipments.iPhone 13 Pro modelsIn a new note to investors seen by AppleInsider, JP Morgan analyst Samik Chatt…",https://appleinsider.com/articles/22/06/21/apple-iphone-sales-in-china-strongly-rebound-in-may-after-downtick,https://photos5.appleinsider.com/gallery/49003-95884-47984-93751-51603764200_889caaaab0_k(5)-xl-xl.jpg,2022-06-21T20:51:15Z,AppleInsider is supported by its audience and may earn commission as an Amazon Associate and affiliate partner on qualifying purchases. These affiliate partnerships do not influence our editorial con… [+2201 chars]
24,ok,847,"{'id': 'business-insider', 'name': 'Business Insider'}","sacevedo@insider.com (Sophia Acevedo, CEPF)",TD Bank vs. Chase: Which brick-and-mortar bank is better?,"TD Bank has over 1,100 branches primarily on the East Coast. Chase has over 4,700 branches in 48 states and Washington, DC.",https://www.businessinsider.com/personal-finance/td-bank-vs-chase-comparison-review,https://i.insider.com/62a79a266053710019ea0cd0?width=1200&format=jpeg,2022-06-16T12:00:00Z,The bottom line: TD Bank makes it a bit easier to waive monthly service fees on its standard checking account than Chase. It has a lower minimum opening for CDs than Chase CDs. If you would like to o… [+8654 chars]
25,ok,847,"{'id': 'reuters', 'name': 'Reuters'}",,"Fed door open to 0.75% hike after inflation data, market moves - Reuters.com",Eroding inflation data and fast-changing views in financial markets on Monday have opened the door to a larger-than-expected three-quarter-percentage point interest rate increase when Federal Reserve officials meet this week.,https://www.reuters.com/markets/us/fed-door-open-075-hike-after-inflation-data-market-moves-2022-06-14/,https://www.reuters.com/resizer/nzQFUPbrR_AjpRImLJMo6R2d0bU=/1200x628/smart/filters:quality(80)/cloudfront-us-east-2.images.arcpublishing.com/reuters/YDPRJGQV2NN45BBW7KNXU6HE3M.jpg,2022-06-14T00:50:00Z,"WASHINGTON, June 13 (Reuters) - Eroding inflation data and fast-changing views in financial markets on Monday have opened the door to a larger-than-expected three-quarter-percentage point interest ra… [+3283 chars]"
26,ok,847,"{'id': 'reuters', 'name': 'Reuters'}",,Juul ban could allow Altria to explore e-cigarette options - analysts - Reuters.com,"Juul's U.S. e-cigarette ban could pave the way for Altria <a href=""https://www.reuters.com/companies/MO.N"" target=""_blank"">(MO.N)</a>, one of its largest investors, to pursue other vaping product makers or go it alone, Wall Street analysts said on Friday.",https://www.reuters.com/business/juul-ban-could-allow-altria-explore-e-cigarette-options-analysts-2022-06-24/,https://www.reuters.com/resizer/OwvoH-bQWDvjqjensXNxXcfZF4g=/1200x628/smart/filters:quality(80)/cloudfront-us-east-2.images.arcpublishing.com/reuters/72AWRFBLEJISNGF3BFZ3HZN3FY.jpg,2022-06-24T14:37:00Z,"June 24 (Reuters) - Juul's U.S. e-cigarette ban could pave the way for Altria (MO.N), one of its largest investors, to pursue other vaping product makers or go it alone, Wall Street analysts said on … [+2711 chars]"
27,ok,847,"{'id': 'reuters', 'name': 'Reuters'}",,Another election puts Israel's efforts to reduce cost of living on back burner - Reuters,"Israel's economy is expected to be resilient during yet another election cycle, but households will suffer as reforms to reduce the cost of living are likely to be shelved and state spending will be scaled back until a 2023 budget is approved.",https://www.reuters.com/world/middle-east/another-election-puts-israels-efforts-reduce-cost-living-back-burner-2022-06-23/,https://www.reuters.com/resizer/pxWT_HXkhMXagfR3obwonUQ8WhM=/1200x628/smart/filters:quality(80)/cloudfront-us-east-2.images.arcpublishing.com/reuters/AR2B3IO6CRLFBDARFMC2XQ6TJE.jpg,2022-06-23T14:33:00Z,"JERUSALEM, June 23 (Reuters) - Israel's economy is expected to be resilient during yet another election cycle, but households will suffer as reforms to reduce the cost of living are likely to be shel… [+3876 chars]"
28,ok,847,"{'id': None, 'name': 'MarketWatch'}",Joseph Adinolfi,The Tell: Wall Street bear who called stock-market selloff sees S&P 500 up another 7% before turning lower,"“The bear market is likely not over although it may feel like it ,” says Mike Wilson, chief U.S. equity strategist and chief investment officer at Morgan Stanley.",https://www.marketwatch.com/story/wall-street-bear-who-called-stock-market-selloff-sees-s-p-500-up-another-7-before-turning-lower-11656345431,https://images.mktw.net/im-563401/social,2022-06-27T15:57:00Z,"Morgan Stanleys Mike Wilson is one of Wall Streets most vocal bears. But even he thinks this bear-market rally has more room to run. After the Dow Jones Industrial Average 
 DJIA,
 +0.06%
,
 S&am… [+3796 chars]"
29,ok,847,"{'id': 'reuters', 'name': 'Reuters'}",,Wall St Week Ahead Bruised U.S. stock investors brace for more pain in second half of 2022 - Reuters.com,"With U.S stocks on track to mark their worst first half of the year in more than 50 years, investors are studying a range of metrics to determine whether the coming months could bring relief, or more of the same.",https://www.reuters.com/markets/europe/wall-st-week-ahead-bruised-us-stock-investors-brace-more-pain-second-half-2022-2022-06-24/,https://www.reuters.com/resizer/htqtKs4XxqJ_8v-Xy9ItkYNmAWQ=/1200x628/smart/filters:quality(80)/cloudfront-us-east-2.images.arcpublishing.com/reuters/5LFJ56XBUZNDFK3QLDVCPBKJTI.jpg,2022-06-24T20:50:00Z,"NEW YORK, June 24 (Reuters) - With U.S stocks on track to mark their worst first half of the year in more than 50 years, investors are studying a range of metrics to determine whether the coming mont… [+4712 chars]"
30,ok,847,"{'id': None, 'name': 'Techmeme.com'}",,"London-based ESG Book, which provides sustainability data and whose clients include Citi and JP Morgan, raised a $35M Series B led by Energy Impact Partners (Ashleigh Hollowell/VentureBeat)","Ashleigh Hollowell / VentureBeat:
London-based ESG Book, which provides sustainability data and whose clients include Citi and JP Morgan, raised a $35M Series B led by Energy Impact Partners  —  The U.S., unlike other robust nations, is only now beginning to …",https://www.techmeme.com/220624/p21,https://venturebeat.com/wp-content/uploads/2022/06/GettyImages-1248500292-e1655932214325.jpg?w=1200&strip=all,2022-06-25T00:20:01Z,"The New Consumer— by Dan Frommer
A publication about how and why people spend their time and money, focusing on the most interesting and innovative companies, people, products, and trends."
31,ok,847,"{'id': None, 'name': 'The Guardian'}",Alex Lawson Energy correspondent,Why are UK fuel prices at a record high when cost of oil has fallen?,"Explainer: Motorists are paying more than ever at the pump despite a dip in wholesale price. Who is to blame and what can be done to ease fuel costs?As Britain witnesses fuel price protests, petrol prices have again hit a record high. That is despite a slight…",https://amp.theguardian.com/money/2022/jul/04/why-are-uk-fuel-prices-at-a-record-high-when-cost-of-oil-has-fallen,https://i.guim.co.uk/img/media/e330abc895b8b7957f589a7d51959dff32434cf9/0_139_3500_2100/master/3500.jpg?width=1200&height=630&quality=85&auto=format&fit=crop&overlay-align=bottom%2Cleft&overlay-width=100p&overlay-base64=L2ltZy9zdGF0aWMvb3ZlcmxheXMvdGctZGVmYXVsdC5wbmc&enable=upscale&s=1ca73f41f2f7b78992dc7c41ae31ac2d,2022-07-04T14:49:42Z,"As fuel price protests block motorways in England and Wales, petrol prices have again hit a record high. That is despite a slight easing in sky-high wholesale costs for retailers, which had been blam… [+4238 chars]"
32,ok,847,"{'id': None, 'name': 'The Guardian'}",Martin Farrer,Asia markets plunge again as flurry of interest rate hikes fuels recession fears,"Investors wary as other central banks follow US Federal Reserve in raising borrowing costsThe global rout in stock markets, cryptocurrencies and other risky assets has gathered pace amid growing concern that out-of-control inflation, rising interest rates and…",https://amp.theguardian.com/business/2022/jun/17/asia-markets-plunge-again-as-flurry-of-interest-rate-hikes-fuels-recession-fears,https://i.guim.co.uk/img/media/1691b17137926638db542f16ce7675822e517fd6/0_219_3500_2100/master/3500.jpg?width=1200&height=630&quality=85&auto=format&fit=crop&overlay-align=bottom%2Cleft&overlay-width=100p&overlay-base64=L2ltZy9zdGF0aWMvb3ZlcmxheXMvdGctZGVmYXVsdC5wbmc&enable=upscale&s=f26f03b25a70f8d7843400dd765db77a,2022-06-17T02:57:08Z,"The global rout in stock markets, cryptocurrencies and other risky assets has gathered pace amid growing concern that out-of-control inflation, rising interest rates and slowing growth could combine … [+5375 chars]"
33,ok,847,"{'id': None, 'name': 'Entrepreneur'}",Steve Reitmeister,Bear Market Here We Come?,"40 year investment veteran Steve Reitmeister is not a permabear by any stretch of the imagination. Thus, when he becomes cautious on the stock market’s (SPY) outlook it pays to...",https://www.entrepreneur.com/article/429074,https://assets.entrepreneur.com/providers/stocknews/hero-image-stocknews-429074.jpeg,2022-06-08T10:30:25Z,"40 year investment veteran Steve Reitmeister is not a permabear by any stretch of the imagination. Thus, when he becomes cautious on the stock market's (SPY) outlook it pays to listen. Read on below … [+8129 chars]"
34,ok,847,"{'id': None, 'name': 'MarketWatch'}",Barbara Kollmeyer,"Bond Report: Treasury yields fall, but hover at multiyear highs ahead of expected Fed interest rate hike",Yields on Treasury notes pulled back early Wednesday as markets await a Fed announcement and likely interest rate hike.,https://www.marketwatch.com/story/treasury-yields-fall-but-hover-at-multiyear-highs-ahead-of-expected-fed-interest-rate-hike-11655284099,https://mw3.wsj.net/mw5/content/logos/mw_logo_social.png,2022-06-15T09:08:00Z,"Yields on 2-, 10- and 30-year Treasurys fell early Wednesday, but remained at multiyear highs ahead of an expected 75 basis point interest rate hike by the Federal Reserve.Treasurys sold off aggressi… [+1532 chars]"
35,ok,847,"{'id': None, 'name': 'Theblock.co'}",Tom Matsuda,"Bitpanda said no mass layoffs, three weeks before axing one-third of staff","Bitpanda told staff via Slack message that there would be no mass layoffs, three weeks before cutting its workforce by a third.",https://www.theblock.co/post/155398/no-mass-layoffs-said-bitpanda-three-weeks-before-axing-third-of-staff,https://www.tbstat.com/wp/uploads/2022/07/Webp.net-resizeimage-11-scaled.jpg,2022-07-04T17:23:16Z,"Cryptocurrency and commodities trading platform Bitpanda told its employees it would not resort to mass layoffs amid the economic downturn, just three weeks before a big employee cull.
According to … [+2453 chars]"
36,ok,847,"{'id': None, 'name': 'The Guardian'}",Julia Kollewe,‘Back in earnest’: Canary Wharf’s post-Covid comeback almost in full swing,"A ghost town during lockdowns, the London financial centre has seen a return of people visiting for work and playLino Caboso has been serving jerk chicken and rum punch at Rudie’s Jerk Shack in Canary Wharf since it opened in March 2021, one of several pop-up…",https://amp.theguardian.com/business/2022/jul/01/back-in-earnest-canary-wharfs-post-covid-comeback-almost-in-full-swing,https://i.guim.co.uk/img/media/c09a8a74a63aa08ecfd7305948cd2ced4e4eba9c/944_558_5433_3261/master/5433.jpg?width=1200&height=630&quality=85&auto=format&fit=crop&overlay-align=bottom%2Cleft&overlay-width=100p&overlay-base64=L2ltZy9zdGF0aWMvb3ZlcmxheXMvdGctZGVmYXVsdC5wbmc&enable=upscale&s=aea8c2a8bdf28e53eb529ddbbb7ba04f,2022-07-01T05:00:02Z,"Lino Caboso has been serving jerk chicken and rum punch at Rudies Jerk Shack in Canary Wharf since it opened in March 2021, one of several pop-up food stalls in Reuters Plaza, around the corner from … [+6060 chars]"
37,ok,847,"{'id': None, 'name': 'Trueviralnews.com'}",Mike Letterman,Can Crypto's Richest Man Stand the Cold?,"Can Crypto's Richest Man Stand the Cold?

 
 
 
 (Second column, 14th story, link)

 

 

 
 Related stories:Biden looks everywhere to lower gas prices -- except boosting production!
Drivers Cut Back at Pump...
LA may ban new stations...
Powell facing …",https://trueviralnews.com/116385-can-crypto-s-richest-man-stand-the-cold.html,https://assets.bwbx.io/images/users/iqjWHBFdfxIU/iGRn8lSPAa3Y/v0/1200x600.jpg,2022-06-23T11:34:38Z,"The world's biggest digital currency exchange was founded by Changpeng Zhao. He is in the middle of a brutal winter.
June 23, 2022, 12:01 AM EDTChangpeng Zhao is the CEO of the world's largest coin … [+22486 chars]"
38,ok,847,"{'id': None, 'name': 'Forbes'}","Eamonn Forde, Contributor, 
 Eamonn Forde, Contributor
 https://www.forbes.com/sites/eamonnforde/",Forecast: Apple Music To Hit 110 Million Subscribers By 2025,A new report by JP Morgan suggests that Apple Music will reach 110 million paying subscribers by 2025 and will be worth $7 billion a year.,https://www.forbes.com/sites/eamonnforde/2022/06/14/forecast-apple-music-to-hit-110-million-subscribers-by-2025/,https://imageio.forbes.com/specials-images/imageserve//61ddb4e30e4137c010034ea8/0x0.jpg?format=jpg&width=1200,2022-06-14T15:12:35Z,"PARIS, FRANCE - APRIL 08: In this photo illustration, the logo of the music streaming platform Apple ... [+] Music is displayed on the screen of a computer on April 08, 2019 in Paris, France. The num… [+4806 chars]"
39,ok,847,"{'id': 'associated-press', 'name': 'Associated Press'}",Barbara Ortutay,Companies could face hurdles covering procedure travel costs...,"After the U.S. Supreme Court revoked the federal right to an abortion that's been in place for half a century, companies like Amazon, Disney, Apple and JP Morgan pledged to cover travel costs  for employees who live in states where the procedure is now illega…",https://apnews.com/article/abortion-us-supreme-court-health-de9e1e2c764bf61b95aeef756a66f8a5,https://storage.googleapis.com/afs-prod/media/11aab82255e8489f94aa67c210981df2/3000.jpeg,2022-07-05T11:22:39Z,"After the U.S. Supreme Court revoked the federal right to an abortion thats been in place for half a century, companies like Amazon, Disney, Apple and JP Morgan pledged to cover travel costs for empl… [+5968 chars]"
40,ok,847,"{'id': None, 'name': 'Search Engine Land'}",Nicole Farley,Apple’s ad business may reach $6b by 2025,"Early projections by analysts put the tech giant ""in a good place to take advantage of the booming mobile advertising market.""
The post Apple’s ad business may reach $6b by 2025 appeared first on Search Engine Land.",https://searchengineland.com/apples-ad-business-may-reach-6b-by-2025-385837,https://searchengineland.com/wp-content/seloads/2022/06/Shutterstock_1831267819.jpg,2022-06-15T16:38:26Z,"JP Morgan lead analyst Samik Chatterjee thinks Apple could bring in $6 billion in revenue from mobile advertising in 2025. 
Market projections. According to Apple Insider, the mobile advertising mar… [+1866 chars]"
41,ok,847,"{'id': None, 'name': 'Forbes'}","Peter Cohan, Contributor, 
 Peter Cohan, Contributor
 https://www.forbes.com/sites/petercohan/","After JP Morgan Throws In Towel, Coinbase Cuts 18% Of Its People",Coinbase ended March with $6.3 billion in cash. Will that be enough to survive a high cash burn rate and declining revenue?,https://www.forbes.com/sites/petercohan/2022/06/14/after-jp-morgan-throws-in-towel--coinbase-cuts-18-of-its-people/,https://imageio.forbes.com/specials-images/imageserve//627b74c0993d04adedc3c7bd/0x0.jpg?format=jpg&width=1200,2022-06-14T13:55:09Z,"NEW YORK, NY - MAY 15: Coinbase Founder and CEO Brian Armstrong attends Consensus 2019 at the ... [+] Hilton Midtown on May 15, 2019 in New York City. (Photo by Steven Ferdman/Getty Images)
Getty Im… [+3776 chars]"
42,ok,847,"{'id': None, 'name': 'Fashionista'}",Brooke Frischer,"Must Read: What the SCOTUS EPA Ruling Means for Clean Fashion, Tracking the Decline of Ties","These are the stories making headlines in fashion on Friday. The SCOTUS EPA ruling and what it means for clean fashionIn the Supreme Court's latest decision, the court ruled to strip the Environmental Protection Agency of its regulatory power to reduce carbon…",https://fashionista.com/2022/07/scotus-epa-ruling-2022-clean-fashion,https://fashionista.com/.image/t_share/MTkwNTkwMjk1ODIwMjE1NDIx/scotus.jpg,2022-07-01T16:00:00Z,"Photo: Kevin Dietsch/Getty Images
These are the stories making headlines in fashion on Friday.
The SCOTUS EPA ruling and what it means for clean fashionIn the Supreme Court's latest decision, the c… [+2337 chars]"
43,ok,847,"{'id': None, 'name': 'Ijunkie.com'}",Chandraveer Mathur,Revenue from Apple Music and Apple Arcade Expected to Increase by $8 Billion by 2025,"Apple Music is the world’s most popular streaming service, second only to Spotify. Combined with the ad-free and free-to-play game streaming service Apple Arcade, the iPhone maker could be raking in an additional $8 billion in revenue by 2025. According to JP…",https://ijunkie.com/revenue-from-apple-music-arcade-increase-8-billion-2025/,https://ijunkie.com/wp-content/uploads/2022/06/Apple-Music-Apple-Arcade.jpg,2022-06-13T19:34:48Z,"Apple Music is the world’s most popular streaming service, second only to Spotify. Combined with the ad-free and free-to-play game streaming service Apple Arcade, the iPhone maker could be raking in … [+1674 chars]"
44,ok,847,"{'id': None, 'name': 'MarketWatch'}",Andrew Keshner,": The national average gas price has hit $5 per gallon and there’s ‘a high probability that prices could go even higher,’ GasBuddy says","There are almost 20 states where gas costs at least $5/gallon, according to AAA.",https://www.marketwatch.com/story/the-national-average-gas-price-has-hit-5-per-gallon-and-theres-a-high-probability-that-prices-could-go-even-higher-gasbuddy-says-11654808062,https://images.mktw.net/im-561153/social,2022-06-09T20:54:00Z,"Five dollar gas is here, get used to it.Thats according to GasBuddy, an aggregator of pump prices, which said the national average on Thursday reached the $5/gallon price point.Its been one kink afte… [+2936 chars]"
45,ok,847,"{'id': None, 'name': 'MarketWatch'}",Barbara Kollmeyer,"Market Snapshot: U.S. stock futures rise ahead of expected Fed hike, as ECB holds emergency meeting","Investors are counting down to a Fed decision on Wednesday, with an emergency ECB meeting added to the mix. Stock futures are higher.",https://www.marketwatch.com/story/u-s-stock-futures-rise-ahead-of-expected-fed-hike-as-ecb-holds-emergency-meeting-11655290761,https://images.mktw.net/im-564413/social,2022-06-15T10:59:00Z,"U.S. stock index futures pointed to a higher start for Wall Street on Wednesday, as investors debated whether the Federal Reserve will later deliver the largest interest rate hike in 30 years. On Tue… [+3446 chars]"
46,ok,847,"{'id': None, 'name': 'MarketWatch'}",Weston Blasi,The Margin: Walmart heir Rob Walton to buy Denver Broncos for a record-setting $4.6 billion,"Rob Walton has an estimated net worth of about $58 billion, according to Forbes.",https://www.marketwatch.com/story/walmart-heir-rob-walton-to-buy-denver-broncos-for-a-record-setting-4-6-billion-11654700733,https://images.mktw.net/im-559659/social,2022-06-08T15:05:00Z,"Walmart 
 WMT,
 -0.84%
heir Rob Walton has won the bidding for the NFLs Denver Broncos franchise for $4.6 billion, the most expensive team sale for any sports franchise in history, according to ES… [+3695 chars]"
47,ok,847,"{'id': None, 'name': 'Yahoo Entertainment'}",Anusuya Lahiri,JP Morgan Sees Buying Opportunities In Alibaba And Other Chinese Stocks Citing These Reasons,"The 2021's deep selloff in Chinese stocks could finally be on the verge of a turnaround, Bloomberg quoted JP Morgan Chase & Co (NYSE: JPM) strategist Marko...",https://finance.yahoo.com/news/jp-morgan-sees-buying-opportunities-123103538.html,https://s.yimg.com/uu/api/res/1.2/SVmQB1d3yrY7qqot9oqjPA--~B/aD00MDA7dz02MDA7YXBwaWQ9eXRhY2h5b24-/https://media.zenfs.com/en/Benzinga/8a1c8495d44de49896a90f7dd06e51a2,2022-06-07T12:31:03Z,"<li>The 2021's deep selloff in Chinese stocks could finally be on the verge of a turnaround, Bloomberg quoted JP Morgan Chase &amp; Co (NYSE: JPM) strategist Marko Kolanovic.
</li><li>Kolanovic expe… [+1707 chars]"
48,ok,847,"{'id': None, 'name': 'FreightWaves'}",Rachel Premack,How a controversial shipping law is swaying the price of gas,"There are two types of people in this world. The first is those who have never heard of the Jones Act, the law that requires American-built and staffed ships for maritime commerce within the U.S. I im",https://www.freightwaves.com/news/how-a-controversial-shipping-law-is-swaying-the-price-of-gas,https://s29755.pcdn.co/wp-content/uploads/2022/06/ap-photo-nam-1200x800.jpg,2022-06-30T18:13:39Z,"There are two types of people in this world. The first is those who have never heard of the Jones Act, the law that requires American-built and staffed ships for maritime commerce within the U.S. I i… [+9183 chars]"
49,ok,847,"{'id': None, 'name': 'Yahoo Entertainment'}",Kevin Vandenboss,JP Morgan Analyst Lowers Price Targets On These 4 Popular REITs As Recession Fears Rise,JPMorgan Chase & Co. (NYSE: JPM) is slashing price targets on four popular real estate investment trusts (REITs) as recession fears continue to weigh heavily...,https://finance.yahoo.com/news/jp-morgan-analyst-lowers-price-202356290.html,https://s.yimg.com/uu/api/res/1.2/lvBlkBh3hriUrZ36ZSZtzw--~B/aD00MDA7dz02MDA7YXBwaWQ9eXRhY2h5b24-/https://media.zenfs.com/en/Benzinga/926100c6f0f8d055e20408dade00e025,2022-06-22T20:23:56Z,JPMorgan Chase &amp; Co. (NYSE: JPM) is slashing price targets on four popular real estate investment trusts (REITs) as recession fears continue to weigh heavily on the market. While REITs are often … [+1308 chars]
50,ok,847,"{'id': None, 'name': 'The Guardian'}",Arwa Mahdawi,US company perks used to mean free snacks. Now it’s access to abortion | Arwa Mahdawi,"Corporations are offering to pay for employees who have to travel to access a termination. But there are worrying consequences when human rights are doled out by HR departmentsNot so long ago, shortly before everything went to hell, employers wooed workers wi…",https://amp.theguardian.com/commentisfree/2022/jun/28/us-company-perks-abortion-pay-roe-v-wade,https://i.guim.co.uk/img/media/9fa14ced8992c0ccd777b92c500002830b5b4038/0_541_8256_4954/master/8256.jpg?width=1200&height=630&quality=85&auto=format&fit=crop&overlay-align=bottom%2Cleft&overlay-width=100p&overlay-base64=L2ltZy9zdGF0aWMvb3ZlcmxheXMvdGctb3BpbmlvbnMucG5n&enable=upscale&s=b4a7881e53b9c90bfa6525e3e17308f4,2022-06-28T12:51:38Z,"Not so long ago, shortly before everything went to hell, employers wooed workers with perks such as ping-pong tables and free snacks. Now, in a sign of increasingly dystopian times, they are offering… [+3954 chars]"
51,ok,847,"{'id': None, 'name': 'MIT Technology Review'}",Francesca Fanshawe,Metaverse: Open for business?,"Ever since Facebook’s rebrand to Meta, the metaverse—loosely defined as an extensive online world where interactions happen via digital avatars—has gone mainstream as part of “web3,” the internet’s third act in which users move from consumers to creators to r…",https://www.technologyreview.com/2022/06/27/1054974/metaverse-open-for-business/,"https://wp.technologyreview.com/wp-content/uploads/2022/06/Infosys_Metaverse_AR_VR_1200_675.jpeg?resize=1200,600",2022-06-27T10:25:31Z,"Already the metaverse is increasingly part of companies merger and acquisitions (M&amp;A) strategies. In December 2021, Nike announced its acquisition of digital design studio RTFKT, which the sports… [+3810 chars]"
52,ok,847,"{'id': None, 'name': 'MarketWatch'}",Greg Robb,The Fed: A 75-basis-point hike? Here are 3 ways the Fed can sound more hawkish this week,"The Federal Reserve's plan to raise its benchmark rate to a neutral level, around 2.5%, by the end of the year is under pressure from a surprisingly strong May consumer-inflation data.",https://www.marketwatch.com/story/a-75-basis-point-hike-here-are-3-ways-the-fed-can-sound-more-hawkish-this-week-11655168074,https://images.mktw.net/im-563282/social,2022-06-14T00:54:00Z,"The Federal Reserves plan to raise its benchmark rate to a neutral level, around 2.5%, by the end of the year is under pressure after a surprisingly strong May consumer-inflation data.The May CPI was… [+4399 chars]"
53,ok,847,"{'id': None, 'name': 'Moneycontrol'}",Chiranjivi Chakraborty,"JP Morgan India upgrades RIL to overweight, sees 22% upside in a year",JP Morgan believes RILâs outperformance to the Nifty 50 will continue in 2022,https://www.moneycontrol.com/news/business/markets/jp-morgan-india-upgrades-ril-to-overweight-sees-22-upside-in-a-year-8693071.html,https://images.moneycontrol.com/static-mcnews/2021/10/reliance-industries-770x433.jpg,2022-06-16T02:25:16Z,"Brokerage firm JP Morgan India has upgraded its rating on shares of Reliance Industries to overweight from neutral earlier and set a price target of Rs 3,170 implying an upside of more than 22 percen… [+2348 chars]"
54,ok,847,"{'id': 'rt', 'name': 'RT'}",RT,JP Morgan sounds alarm over oil price prospects,"World oil prices could spike to a “stratospheric” $380 per barrel if Western penalties prompt Russia to slash output, analysts warn Read Full Article at RT.com",https://www.rt.com/business/558256-jp-morgan-alarm-oil-prices/,https://cdni.russiatoday.com/files/2022.07/article/62c047672030273911251ce3.jpg,2022-07-02T13:27:18Z,"Global oil prices could reach a “stratospheric” $380 per barrel if Western penalties prompt Russia to impose retaliatory output cuts, according to JPMorgan Chase analysts.
“The most obvious and like… [+1177 chars]"
55,ok,847,"{'id': None, 'name': 'MarketWatch'}",Joy Wiltermuth,Market Extra: What the Fed’s biggest rate hike in decades means for the bear market in bonds,"After a gut-wrenching start to 2022, here's what investors say comes next in the U.S. fixed-income market.",https://www.marketwatch.com/story/what-the-feds-biggest-rate-hike-in-decades-means-for-the-bear-market-in-bonds-11655485918,https://images.mktw.net/im-563935/social,2022-06-17T17:12:00Z,Historically bad. Thats how the mammoth $53 trillion U.S. fixed-income market has performed this year as the Federal Reserve works to curtail high inflation threatening to wreck the economy. To turbo… [+4973 chars]
56,ok,847,"{'id': None, 'name': 'Yahoo Entertainment'}",Saqib Iqbal Ahmed,Explainer-How a massive options trade by a JP Morgan fund can move markets,"A nearly $17 billion JP Morgan fund is expected to reset its options positions on Thursday, potentially adding to equity volatility at the end of a dismal...",https://finance.yahoo.com/news/explainer-massive-options-trade-jp-175315324.html,https://s.yimg.com/uu/api/res/1.2/ppGrccsx8MGqfw2w22PGlg--~B/aD01MzM7dz04MDA7YXBwaWQ9eXRhY2h5b24-/https://media.zenfs.com/en/reuters-finance.com/c94740e96d97903018a89e7e49755a31,2022-06-28T17:53:15Z,"By Saqib Iqbal Ahmed
NEW YORK (Reuters) - A nearly $17 billion JP Morgan fund is expected to reset its options positions on Thursday, potentially adding to equity volatility at the end of a dismal f… [+3077 chars]"
57,ok,847,"{'id': None, 'name': 'Yahoo Entertainment'}",PR Newswire,"Codat raises $100 million to build the internet for business data and announces J.P. Morgan, Shopify & Plaid as investors","Today Codat, the universal API for small business data, announced that it has raised $100 million in a series C investment round led by JP Morgan Growth...",https://finance.yahoo.com/news/codat-raises-100-million-build-150000346.html,https://s.yimg.com/uu/api/res/1.2/iakT1vZbjw.eNCZOi_LaCg--~B/aD00MDA7dz00MDA7YXBwaWQ9eXRhY2h5b24-/https://media.zenfs.com/en/prnewswire.com/a78772814da567dab72d02320f07eaee,2022-06-08T15:00:00Z,"NEW YORK, June 8, 2022 /PRNewswire/ -- Today Codat
, the universal API for small business data, announced that it has raised $100 million in a series C investment round led by JP Morgan Growth Equit… [+5716 chars]"
58,ok,847,"{'id': None, 'name': 'The Indian Express'}",Reuters,Indian skincare startup Mamaearth eyes $3 bln valuation in 2023 IPO: Report,"In talks to raise at least $300 million for a projected IPO next year, Indian skincare startup Mamaearth is aiming for a valuation of about $3 billion - 10-12 times forward revenue. In January of this year, the company's final valuation was $1.2 billion.",https://indianexpress.com/article/business/startups/mamearth-indian-skincare-unilever-cosmetics-7984196/,https://images.indianexpress.com/2022/06/mamaearth-1200.jpeg,2022-06-22T10:58:45Z,"Sequoia Capital-backed Indian skincare startup Mamaearth is in talks to raise at least $300 million in a planned IPO next year and is seeking a valuation of around $3 billion, three people with direc… [+3044 chars]"
59,ok,847,"{'id': None, 'name': 'Telegraph.co.uk'}",Lucy Burton,City banks defy Brussels to out-earn French rivals,Square Mile lenders post higher profits than banks from any other European country,https://www.telegraph.co.uk/business/2022/07/04/city-banks-defy-brussels-out-earn-french-rivals/,https://www.telegraph.co.uk/content/dam/business/2022/07/03/TELEMMGLPICT000282715090_trans_NvBQzQNjv4BqpVlberWd9EgFPZtcLiMQf0Rf_Wk3V23H2268P_XkPxc.jpeg?impolicy=logo-overlay,2022-07-04T05:00:00Z,"British banks have made more profit than French rivals for the first time since 2015, despite efforts by EU officials to shift more jobs out of London and onto the continent post-Brexit.
UK banks ge… [+2270 chars]"
60,ok,847,"{'id': None, 'name': 'Yahoo Entertainment'}",PR Newswire,CALLAWAY GOLF COMPANY ANNOUNCES A NON-DEAL ROADSHOW WITH JP MORGAN AND BANK OF AMERICA,"Callaway Golf Company (NYSE: ELY) announced today that it will be meeting with investors on June 8th and 9th, 2022, in a non-deal roadshow with meetings...",https://finance.yahoo.com/news/callaway-golf-company-announces-non-113000461.html,https://s.yimg.com/uu/api/res/1.2/160Q5wQzWFb_dcx0tLKuwA--~B/aD0yMzQ7dz00MDA7YXBwaWQ9eXRhY2h5b24-/https://media.zenfs.com/en/prnewswire.com/f68f562c7fb9aa9ac09e94ab622fb34d,2022-06-08T11:30:00Z,"CARLSBAD, Calif., June 8, 2022 /PRNewswire/ --  Callaway Golf Company (NYSE: ELY) announced today that it will be meeting with investors on June 8th and 9th, 2022, in a non-deal roadshow with meeting… [+1307 chars]"
61,ok,847,"{'id': None, 'name': 'Yahoo Entertainment'}",Saqib Iqbal Ahmed,JP Morgan sees portfolio rebalancing lifting U.S. stocks 7% next week,"U.S. equities could see a 7% move up next week as investors rebalance their portfolios after a brutal first half of the year, J.P. Morgan's chief global...",https://finance.yahoo.com/news/jp-morgan-sees-portfolio-rebalancing-154512933.html,https://s.yimg.com/uu/api/res/1.2/bOdR6HRGxou.Pt1DEZLymw--~B/aD01NDE7dz04MDA7YXBwaWQ9eXRhY2h5b24-/https://media.zenfs.com/en/reuters-finance.com/95cbb0c77b82bfec6b00e1303a20e65e,2022-06-24T15:45:12Z,"By Saqib Iqbal Ahmed
NEW YORK (Reuters) - U.S. equities could see a 7% move up next week as investors rebalance their portfolios after a brutal first half of the year, J.P. Morgan's chief global mar… [+1667 chars]"
62,ok,847,"{'id': None, 'name': 'The Daily Caller'}",Kay Smythe,"‘High inflation … can become destructive,’ JP Morgan exec warns",JP Morgan Asset Management&#039;s chief investment officer Bob Michele warned Thursday that we&#039;re headed for a recession.,https://dailycaller.com/2022/07/01/bob-michele-jp-morgan-recession/,https://cdn01.dailycaller.com/wp-content/uploads/2022/07/shutterstock_741995332-scaled-e1656685094319.jpg,2022-07-01T14:35:11Z,"JP Morgan Asset Management’s chief investment officer Bob Michele warned Thursday that the U.S. is headed for a recession.
Michele started his Wall Street journey in the early 1980s stagflation peri… [+1604 chars]"
63,ok,847,"{'id': None, 'name': 'Moneycontrol'}",Reuters,"Apple music, gaming to bring in over $8 billion in revenue by 2025, JP Morgan says","The two services are likely to have a combined subscriber base of about 180 million by 2025 - 110 million for music and 70 million for gaming - boosted by the rapid spread of the internet and a booming gaming industry, according to JPM analysts, led by Samik …",https://www.moneycontrol.com/news/world/apple-music-gaming-to-bring-in-over-8-billion-in-revenue-by-2025-jp-morgan-says-8681931.html,https://images.moneycontrol.com/static-mcnews/2020/12/apple-770x433.jpg,2022-06-14T02:14:28Z,"Apple Inc's revenue from gaming and music offerings is expected to jump 36% to $8.2 billion by 2025, J.P.Morgan said on Monday, as the iPhone maker taps its huge user base to drive its subscription s… [+1147 chars]"
64,ok,847,"{'id': None, 'name': 'SlashGear'}",staff@slashgear.com (Nadeem Sarwar),Elon Musk's Potential Layoffs Could Be A Terrifying Sign,"Elon Musk has again fueled a hot debate, and this time it is market analysts and economy experts duking it out over his fears about an impending recession.",https://www.slashgear.com/888170/elon-musks-potential-layoffs-could-be-a-terrifying-sign/,https://www.slashgear.com/img/gallery/elon-musks-potential-layoffs-could-be-a-terrifying-sign/l-intro-1654644003.jpg,2022-06-07T23:37:56Z,"Elon Musk has again stirred a hot debate, and this time it is market analysts and economy experts duking it out over the Tesla chief's fears about an impending recession and downward economic spiral.… [+1311 chars]"
65,ok,847,"{'id': None, 'name': 'Moneycontrol'}",Chiranjivi Chakraborty,"JP Morgan feels LICâs valuation is #39;unduly harsh#39;, market thinks otherwise",LIC#39;s shares fell to their fresh 52-week low on the NSE on June 20 as the investment bankerâs research wing initiated coverage on the stock with an #39;outperform#39; rating,https://www.moneycontrol.com/news/business/markets/jp-morgan-feels-lics-valuation-is-unduly-harsh-market-thinks-otherwise-8709811.html,https://images.moneycontrol.com/static-mcnews/2021/08/LIC_churchgate-770x433.jpg,2022-06-20T07:05:29Z,"JP Morgan India, one of the 10 book-running lead managers of Life Insurance Corporation of Indias record-breaking initial public offering, feels that the markets treatment of the countrys largest lif… [+3757 chars]"
66,ok,847,"{'id': None, 'name': 'Viewfromthewing.com'}",Gary Leff,"The Best Rewards Card on the Planet is One You Cannot Get (Well, There Is One Way)","Competition in the rewards credit card market has gotten so intense that I believe the Sapphire Reserve card - the 'it' product when it was introduced just six years ago - has become passé. It was the most rewarding in the marketplace, and now merely a good c…",https://viewfromthewing.com/the-best-rewards-card-on-the-planet-is-one-you-cannot-get/,https://viewfromthewing.com/wp-content/uploads/2015/07/PalladiumCard_zps76ae7d57.jpg,2022-06-18T16:04:11Z,Competition in the rewards credit card market has gotten so intense that I believe the Sapphire Reserve card – the ‘it’ product when it was introduced just six years ago – has become passé. It was th… [+4472 chars]
67,ok,847,"{'id': 'independent', 'name': 'Independent'}",Via AP news wire,Companies could face hurdles covering abortion travel costs,"After the U.S. Supreme Court revoked the federal right to abortion that’s been in place for half a century, companies like Amazon, Disney, Apple and JP Morgan pledged to cover travel costs for employees who live in states where abortion is now illegal so they…",https://www.independent.co.uk/news/ap-employees-texas-yelp-health-b2115840.html,https://static.independent.co.uk/2022/07/05/08/Supreme_Court-Abortion-Companies_08149.jpg?quality=75&width=1200&auto=webp,2022-07-05T07:00:10Z,"After the U.S. Supreme Court revoked the federal right to an abortion that's been in place for half a century, companies like Amazon, Disney, Apple and JP Morgan pledged to cover travel costs for emp… [+5977 chars]"
68,ok,847,"{'id': None, 'name': 'The Guardian'}",Alex Hern and Dan Milmo,Crypto crisis: how digital currencies went from boom to collapse,Savers talk of devastating losses as assets such as bitcoin and ‘stablecoins’ like terra fell sharplyYuri Popovich had watched his neighbours’ houses burn down to the ground in Kyiv and he needed a safe place to put his money. So he did what millions of amate…,https://amp.theguardian.com/technology/2022/jun/29/crypto-crisis-digital-currencies-boom-collapse-bitcoin-terra,https://i.guim.co.uk/img/media/ed2621c232273972e7db7c2105e73a4daaf96d4d/0_0_2500_1500/master/2500.jpg?width=1200&height=630&quality=85&auto=format&fit=crop&overlay-align=bottom%2Cleft&overlay-width=100p&overlay-base64=L2ltZy9zdGF0aWMvb3ZlcmxheXMvdGctZGVmYXVsdC5wbmc&enable=upscale&s=c8eddce7433e7203b8b332ee282b1976,2022-06-29T16:41:23Z,Yuri Popovich had watched his neighbours houses burn down to the ground in Kyiv and he needed a safe place to put his money. So he did what millions of amateur investors have done in recent years: he… [+20936 chars]
69,ok,847,"{'id': None, 'name': 'CNET'}",Daniel Van Boom,Visiting the World's Biggest NFT Convention Amid a Crypto Crash - CNET,"Crypto has spiraled down, tanking the price of NFTs with it. What better time for NFT.NYC, the world's biggest NFT convention?",https://www.cnet.com/personal-finance/crypto/visiting-the-worlds-biggest-nft-convention-amid-a-crypto-crash/,https://www.cnet.com/a/img/resize/0e601a9a4541b2a44394a19bfd1a7522062d87d9/2022/06/28/80236b65-5867-4315-8d55-079709c8c76e/gettyimages-1404339752.jpg?auto=webp&fit=crop&height=630&width=1200,2022-06-30T12:00:11Z,"It's a rainy Tuesday night in New York, and I'm languishing in the longest line I've ever stood in. 
It wraps around three blocks and takes more than an hour to get through. Leading toward Time Squa… [+14891 chars]"
70,ok,847,"{'id': None, 'name': 'CNET'}",Daniel Van Boom,The World's Biggest NFT Festival vs. the Crypto Crash of 2022 - CNET,Major crypto coins are down nearly 70% from the beginning of the year -- but you wouldn't be able to tell that at NFT.NYC.,https://www.cnet.com/personal-finance/crypto/the-worlds-biggest-nft-festival-vs-the-crypto-crash-of-2022/,"https://www.cnet.com/a/img/resize/e696eeebc6a4cedf6d263b3acc44986316b0fb31/2022/06/28/e4872a65-1b8a-4ea0-991d-f0cafe2c06d6/img-3973.jpg?auto=webp&fit=crop&height=630&precrop=3832,2643,x186,y381&width=1200",2022-07-01T12:00:00Z,"It's a rainy Tuesday evening in New York, and I'm languishing in the longest line I've ever stood in. It wraps around three blocks and takes over an hour to get through. Leading toward Time Square's … [+15605 chars]"
71,ok,847,"{'id': None, 'name': 'Yahoo Entertainment'}",PR Newswire,"PBF Energy to Participate in the J.P. Morgan Energy, Power and Renewables Conference","PBF Energy Inc. (NYSE:PBF) today announced that members of its management team will participate in the J.P. Morgan Energy, Power and Renewables Conference on...",https://finance.yahoo.com/news/pbf-energy-participate-j-p-213000584.html,https://s.yimg.com/uu/api/res/1.2/qpdSFinRYZeCFVLgLZAV6w--~B/aD0zMjE7dz00MDA7YXBwaWQ9eXRhY2h5b24-/https://media.zenfs.com/en/prnewswire.com/28b4d48df7904bdb764a8c0bc45fbc2f,2022-06-17T21:30:00Z,"PARSIPPANY, N.J., June 17, 2022 /PRNewswire/ -- PBF Energy Inc. (NYSE:PBF) today announced that members of its management team will participate in the J.P. Morgan Energy, Power and Renewables Confere… [+902 chars]"
72,ok,847,"{'id': None, 'name': 'The New Republic'}",Kate Aronoff,Joe Manchin’s Quest to Keep Clean Energy Tax Credits Broken,"Last week, Politico reported that Joe Manchin opposes making clean energy tax credits “direct pay.” If that sounds like another impossibly wonky detail about energy policy, that’s because it is. But it has potentially massive implications.
Clean energy tax c…",https://newrepublic.com/article/166856/joe-manchins-quest-keep-clean-energy-tax-credits-broken,https://images.newrepublic.com/882c6ec055ba88b342a67e86034fe09062ed3dee.jpeg?w=1109&h=577&crop=faces&fit=crop&fm=jpg,2022-06-22T10:00:00Z,"According to Politico, some banks have resisted direct pay changes proposed in Build Back Better, though they dont seem to have taken a public stance on the matter. (Neither JP Morgan Chase or Bank o… [+2355 chars]"
73,ok,847,"{'id': None, 'name': 'Yahoo Entertainment'}",PR Newswire,"ONEOK to Participate in J.P. Morgan Energy, Power and Renewables Conference","ONEOK, Inc. (NYSE: OKE) will participate in the J.P. Morgan Energy, Power and Renewables Conference on June 22-23, 2022, in New York City.",https://finance.yahoo.com/news/oneok-participate-j-p-morgan-201500363.html,https://s.yimg.com/uu/api/res/1.2/z_llSRIiIgshJUUHAR_xeg--~B/aD0xNjt3PTE2O2FwcGlkPXl0YWNoeW9u/https://media.zenfs.com/en/prnewswire.com/c55c857940189571a1412bd7903e756e,2022-06-21T20:15:00Z,"TULSA, Okla., June 21, 2022 /PRNewswire/ -- ONEOK, Inc. (NYSE: OKE) will participate in the J.P. Morgan Energy, Power and Renewables Conference on June 22-23, 2022, in New York City.
ONEOK's latest … [+1050 chars]"
74,ok,847,"{'id': None, 'name': 'Fox Business'}",Lucas Manfredi,"JPMorgan's mortgage business lays off, reassigns hundreds of employees as rates climb - Fox Business",Hundreds of employees in the bank's mortgage business have been caught in the crosshairs as the Federal Reserve has driven mortgage rates higher as it works to bring down inflation.,https://www.foxbusiness.com/economy/jpmorgans-mortgage-business-lays-off-reassigns-hundreds-employees-rates-climb,https://a57.foxnews.com/static.foxbusiness.com/foxbusiness.com/content/uploads/2022/01/0/0/JPmorganchase-cc.jpg?ve=1&tl=1,2022-06-22T17:11:24Z,"JPMorgan Chase's mortgage business has become the latest casualty of layoffs as the Federal Reserve's efforts to tame scorching-hot inflation send rates higher and dampen housing demand.
<table><tr>… [+4312 chars]"
75,ok,847,"{'id': None, 'name': 'Yahoo Entertainment'}",Richard Evans,Income seekers can no longer rely on Britain – here’s where to go instead,London is no longer the obvious stock market for income. This at least is the conclusion we can draw from a recent study of the highest yielding investment...,https://news.yahoo.com/income-seekers-no-longer-rely-040019234.html,https://s.yimg.com/ny/api/res/1.2/BPs8k_a8k5xobWWZMgfSqg--/YXBwaWQ9aGlnaGxhbmRlcjt3PTEyMDA7aD03NTA-/https://s.yimg.com/uu/api/res/1.2/PKey_CFriwutm50333Znxg--~B/aD0xNTYzO3c9MjUwMDthcHBpZD15dGFjaHlvbg--/https://media.zenfs.com/en/the_telegraph_258/63516ebde3d66089f66dd61363ac1850,2022-06-09T04:00:19Z,"city of london - NEIL HALL/EPA-EFE/Shutterstock
London is no longer the obvious stock market for income. This at least is the conclusion we can draw from a recent study of the highest yielding inves… [+3916 chars]"
76,ok,847,"{'id': None, 'name': 'Nextbigwhat.com'}",Soumajit Sinha,JP Morgan Strategist: Strong Venture Capital Funding Indicates Crypto Market Will Move Upward,"JP Morgan Strategist Nikolaos Panigirtzoglou stated that there has been an increased interest in bailing out companies, which should propel the market to move upward. All is not lost according to…",https://nextbigwhat.com/jp-morgan-strategist-strong-venture-capital-funding-indicates-crypto-market-will-move-upward/,https://nextbigwhat.com/wp-content/uploads/2022/06/bitcoin-11-scaled-1.jpe,2022-07-01T13:21:30Z,"JP Morgan Strategist Nikolaos Panigirtzoglou stated that there has been an increased interest in bailing out companies, which should propel the market to move upward.
All is not lost according to th… [+192 chars]"
77,ok,847,"{'id': None, 'name': 'Motley Fool'}",newsfeedback@fool.com (Matthew DiLallo),Why ExxonMobil Stock Is Slumping Today,The oil giant is facing some backlash over high oil prices.,https://www.fool.com/investing/2022/06/13/why-exxonmobil-stock-is-slumping-today/,https://g.foolcdn.com/editorial/images/684782/a-person-in-a-hardhat-and-holding-a-laptop-near-an-energy-facility.jpg,2022-06-13T15:50:14Z,"What happened
Shares of ExxonMobil (XOM -4.15%) were down by around 5% as of 10:30 a.m. ET on Monday. Several factors are weighing on the oil stock, including slightly lower crude prices, a steep se… [+2827 chars]"
78,ok,847,"{'id': None, 'name': 'Forbes'}","Siladitya Ray, Forbes Staff, 
 Siladitya Ray, Forbes Staff
 https://www.forbes.com/sites/siladityaray/","Elon Musk Says U.S. Recession Is ‘Inevitable,’ More Likely In The Near Term","The billionaire said although not a certainty, it is “more likely than not” that a downturn is coming in the near term.",https://www.forbes.com/sites/siladityaray/2022/06/21/elon-musk-says-us-recession-is-inevitable-more-likely-in-the-near-term/,"https://imageio.forbes.com/specials-images/imageserve//62b1936bf32a703864425728/0x0.jpg?format=jpg&crop=3000,1688,x0,y76,safe&width=1200",2022-06-21T09:47:47Z,"Tesla CEO and billionaire Elon Musk said the U.S. economy will likely face a recession in the near term in an interview with Bloomberg on Tuesday, echoing concerns raised by several other top busines… [+2993 chars]"
79,ok,847,"{'id': None, 'name': 'Telegraph.co.uk'}",Patrick Mulholland,Bankers made to install app that tracks messages,The push comes as regulators become increasingly focused on bankers’ use of messaging apps,https://www.telegraph.co.uk/business/2022/06/17/bankers-made-install-app-tracks-messages/,https://www.telegraph.co.uk/content/dam/business/2022/06/17/TELEMMGLPICT000161384719_trans_NvBQzQNjv4BqTIuamAJNtZoF-LCjrttdH-QRM3j4L8hBuX7aAvUTDR8.jpeg?impolicy=logo-overlay,2022-06-17T16:17:44Z,Bankers at Germanys largest lender are being made to install an app that tracks communications on their phones as regulators clamp down on messaging between bankers and clients on platforms like What… [+1892 chars]
80,ok,847,"{'id': None, 'name': '24/7 Wall St.'}",247chrislange,"Stay Away From These 2 Crypto Stocks, JP Morgan Warns","J.P. Morgan takes a look at a couple of stocks that could underperform markets, even withstanding the bear market we are in now.",https://247wallst.com/technology-3/2022/06/14/stay-away-from-these-2-crypto-stocks-jp-morgan-warns/,https://247wallst.com/wp-content/uploads/2022/03/imageForEntry2-ZMv.jpg,2022-06-14T15:56:46Z,"Equities have continued their plunge into bear market territory, and none have been feeling it worse than tech stocks. While investors are looking to safe havens to ride out the bear market, it is eq… [+2786 chars]"
81,ok,847,"{'id': None, 'name': 'Yahoo Entertainment'}",PR Newswire,"Enbridge CEO Al Monaco speaks at J.P. Morgan Energy, Power & Renewables Conference","Enbridge Inc. (Enbridge or the Company) (TSX: ENB) (NYSE: ENB) announced today that Al Monaco, President and Chief Executive Officer of Enbridge...",https://finance.yahoo.com/news/enbridge-ceo-al-monaco-speaks-193000500.html,https://s.yimg.com/uu/api/res/1.2/x15hC5XLFkaV28UOPMLuJg--~B/aD0xNjt3PTE2O2FwcGlkPXl0YWNoeW9u/https://media.zenfs.com/en/prnewswire.com/6495217e55c3e7780ca1dc7ea5b6bd63,2022-06-28T19:30:00Z,"CALGARY, AB, June 28, 2022 /PRNewswire/ - Enbridge Inc. (Enbridge or the Company) (TSX: ENB) (NYSE: ENB) announced today that Al Monaco, President and Chief Executive Officer of Enbridge, participate… [+1497 chars]"
82,ok,847,"{'id': None, 'name': 'The Guardian'}",PA Media,"Interest-free loan scheme expanded to reach up to 20,000 Britons","From September, measure to help financially vulnerable will be rolled out around UK after successful trialA government-supported scheme that provides interest-free loans to the financially vulnerable will be expanded to reach up to 20,000 people.The no-intere…",https://amp.theguardian.com/money/2022/jun/19/interest-free-loan-scheme-expanded-20000-britons,https://i.guim.co.uk/img/media/fb749882a41c28aa74a5cc0101d16bf694cb9045/0_0_4715_2829/master/4715.jpg?width=1200&height=630&quality=85&auto=format&fit=crop&overlay-align=bottom%2Cleft&overlay-width=100p&overlay-base64=L2ltZy9zdGF0aWMvb3ZlcmxheXMvdGctZGVmYXVsdC5wbmc&enable=upscale&s=54ca9ed5ac42f831c514c2835fb6846d,2022-06-19T10:27:12Z,"A government-supported scheme that provides interest-free loans to the financially vulnerable will be expanded to reach up to 20,000 people.
The no-interest loan scheme (Nils), which is backed by th… [+2049 chars]"
83,ok,847,"{'id': None, 'name': 'ESPN'}",William E. Ricks,Money talks: Here's a look of the most expensive U.S. sports franchise sales,"The Denver Broncos have agreed to sell for $4.65 billion, a North American sports team record. Here are some other U.S. franchises that sold for big money.",https://www.espn.com/nfl/story/_/id/34060289/denver-broncos-top-list-most-expensive-us-sports-team-sales,https://a1.espncdn.com/combiner/i?img=%2Fphoto%2F2022%2F0608%2Fr1022916_1296x729_16%2D9.jpg,2022-06-09T00:38:11Z,"It takes quite a bit of capital to buy an American sports team, and the impending sale of the Denver Broncos proves that point.
According to ESPN's Jeff Legwold, the Broncos entered a sale agreement… [+3501 chars]"
84,ok,847,"{'id': None, 'name': 'Macdailynews.com'}",MacDailyNews,Apple Fitness+ annual revenue could hit $3.6 billion by 2025 -J.P. Morgan,"J.P. Morgan analyst Samik Chatterjee estimates that the annual revenue of Apple Fitness+ could hit $3.6 billion by 2025…
The post Apple Fitness+ annual revenue could hit $3.6 billion by 2025 -J.P. Morgan appeared first on MacDailyNews.",https://macdailynews.com/2022/06/14/apple-fitness-annual-revenue-could-hit-3-6-billion-by-2025-j-p-morgan/,https://149359564.v2.pressablecdn.com/wp-content/uploads/2022/06/220606_watchos_9_firness_plus.png,2022-06-14T14:23:18Z,"J.P. Morgan analyst Samik Chatterjee estimates that the annual revenue of Apple Fitness+ could hit $3.6 billion by 2025.
With watchOS 9, Fitness+ workouts now show on-screen guidance in addition to … [+1383 chars]"
85,ok,847,"{'id': None, 'name': 'Forbes'}","Eamonn Forde, Contributor, 
 Eamonn Forde, Contributor
 https://www.forbes.com/sites/eamonnforde/",One Inflation Under A Groove: Study Claims Consumers Can No Longer Afford Music Subscriptions,"A new study by Kantar claims that the cost of living crisis, alongside rising inflation, is forcing vast numbers of music subscribers in major markets like the UK and the US to cancel their subscriptions.",https://www.forbes.com/sites/eamonnforde/2022/06/17/one-inflation-under-a-groove-study-claims-consumers-can-no-longer-afford-music-subscriptions/,https://imageio.forbes.com/specials-images/imageserve//62ac5a889058b584c949c81f/0x0.jpg?format=jpg&width=1200,2022-06-17T10:45:42Z,"A man shows his empty pockets to a woman circa 1950. (Photo by FPG/Getty Images)
Getty Images
A new study by Kantar claims that the cost of living crisis, alongside rising inflation, is forcing vas… [+3981 chars]"
86,ok,847,"{'id': 'fortune', 'name': 'Fortune'}",Christiaan Hetzner,JP Morgan to reimburse staff’s abortion-related travel,"Jamie Dimon's Wall Street bank, JP Morgan, will extend health care travel benefits to cover health care services that ""can only be obtained far from your home,” it told staff, including “legal abortion.”",https://fortune.com/2022/06/24/jpmorgan-abortion-travel-benefit-roe-v-wade-overturned-supreme-court/,"https://content.fortune.com/wp-content/uploads/2022/06/GettyImages-1240438465.jpg?resize=1200,600",2022-06-24T16:15:33Z,Skip to Content
87,ok,847,"{'id': None, 'name': 'Mactrast.com'}",Chris Hauk,JP Morgan Analyst: Apple Music and Apple Arcade Revenue to Hit $8.2 Billion Annually by 2025,A JP Morgan analyst says Apple's revenue from Apple Arcade and Apple Music will likely jump 36% to $8.2 billion annually by 2025.Read More...,https://www.mactrast.com/2022/06/jp-morgan-analyst-apple-music-and-apple-arcade-revenue-to-hit-8-2-billion-annually-by-2025/,https://www.mactrast.com/wp-content/uploads/2022/02/Apple-Logo.jpg,2022-06-14T12:08:57Z,"A JP Morgan analyst says Apple’s revenue from Apple Arcade and Apple Music will likely jump 36% to $8.2 billion annually by 2025.
Reuters reports that analyst Samik Chatterjee on Monday said Apple M… [+772 chars]"
88,ok,847,"{'id': None, 'name': 'Deadline'}",jillg366,Media Shares In The Red As Stocks Sink On Recession Fears After Fed’s Biggest Interest Rate Hike Since 1994,Shares resumed a downward trajectory today after a brief respite as markets digested a major rate hike by the U.S. central bank and comments by Fed chief Jerome Powell. A decisive Fed move to raise interest rates by three quarters of a percentage point booste…,https://deadline.com/2022/06/stocks-sink-media-shares-recession-adveritising-interest-rates-inflation-fed-1235046819/,https://deadline.com/wp-content/uploads/2022/06/Jerome-Powell.jpg?w=1024,2022-06-16T16:01:52Z,Shares resumed a downward trajectory today after a brief respite as markets digested a major rate hike by the U.S. central bank and comments by Fed chief Jerome Powell. A decisive Fed move to raise i… [+2746 chars]
89,ok,847,"{'id': None, 'name': 'Yahoo Entertainment'}",PR Newswire,J.P. Morgan Private Bank adds two billion-dollar advisor teams to its New York City business,J.P. Morgan Private Bank announced today that six seasoned advisors who collectively oversaw more than $2 billion in client assets in their prior positions...,https://finance.yahoo.com/news/j-p-morgan-private-bank-180100135.html,https://s.yimg.com/uu/api/res/1.2/B7ul_WgCvAVcGz.bTkBZXw--~B/aD01MDt3PTQwMDthcHBpZD15dGFjaHlvbg--/https://media.zenfs.com/en/prnewswire.com/e5e2e798fd0724875424b7ee905ee2ae,2022-06-09T18:01:00Z,"NEW YORK, June 9, 2022 /PRNewswire/ -- J.P. Morgan Private Bank announced today that six seasoned advisors who collectively oversaw more than $2 billion in client assets in their prior positions have… [+3340 chars]"
90,ok,847,"{'id': None, 'name': 'AllAfrica - Top Africa News'}",This Day,Nigeria: We Are Studying Malabu Oil Deal Court Judgement - Govt,"[This Day] The federal government yesterday reacted to the United Kingdom Commercial Court judgement that ruled that there was no evidence of fraud in the OPL 245 transaction between Nigeria and JP Morgan Chase Bank, saying it was studying the judgement.",https://allafrica.com/stories/202206160043.html,https://cdn08.allafrica.com/static/images/structure/aa-logo-rgba-no-text-square.png,2022-06-16T06:52:10Z,The federal government yesterday reacted to the United Kingdom Commercial Court judgement that ruled that there was no evidence of fraud in the OPL 245 transaction between Nigeria and JP Morgan Chase… [+8202 chars]
91,ok,847,"{'id': 'newsweek', 'name': 'Newsweek'}",Brendan Cole,"How U.S. Can Ease Gas Prices, According to Banking Analysts","JP Morgan said that gas prices would not drop until the Biden administration tackled supply-side issues, which include a shortage of refining capacity.",https://www.newsweek.com/oil-gas-price-inflation-jp-morgan-1718860,https://d.newsweek.com/en/full/2065119/drivers-pump.jpg,2022-06-24T15:26:06Z,"Instead of suspending federal taxes on gas, President Joe Biden should use his powers to increase refining capacity to ease prices at the pump, analysts from JP Morgan have said.
Biden has called fo… [+2991 chars]"
92,ok,847,"{'id': None, 'name': '24/7 Wall St.'}",247chrislange,2 Fresh Ideas From JP Morgan With Over 30% Upside Potential,J.P. Morgan takes a look at a few stocks with potentially huge upside and where they could go in light of a possible recession.,https://247wallst.com/investing/2022/06/24/2-fresh-ideas-from-jp-morgan-with-over-30-upside-potential/,https://247wallst.com/wp-content/uploads/2022/02/imageForEntry47-Gte.jpg,2022-06-24T14:13:39Z,Equities have been absolutely crushed to bear market status. Some investors now are shopping around and bottom-fishing for any stock that could provide some upside. One major Wall Street firm believe… [+3005 chars]
93,ok,847,"{'id': None, 'name': 'Yahoo Entertainment'}",PR Newswire,J.P. Morgan Asset Management Bolsters Retirement Income Capabilities with Hire of Daniel Yem as Senior Investment Specialist,J.P. Morgan Asset Management today announced the hire of Daniel Yem as a Senior Investment Specialist to support the firm's Retirement Solutions team. Mr...,https://finance.yahoo.com/news/j-p-morgan-asset-management-143000070.html,https://s.yimg.com/uu/api/res/1.2/38Do7xRCEqtPSqIdgW2H7w--~B/aD0xNDc7dz00MDA7YXBwaWQ9eXRhY2h5b24-/https://media.zenfs.com/en/prnewswire.com/fe5c4bac941fd6f7ae08fee52b4b6af3,2022-06-27T14:30:00Z,"-Mr. Yem joins J.P. Morgan from BlackRock to support Defined Contribution business-
NEW YORK, June 27, 2022 /PRNewswire/ -- J.P. Morgan Asset Management today announced the hire of Daniel Yem as a S… [+4342 chars]"
94,ok,847,"{'id': None, 'name': 'Forbes'}","Jonathan Boyar, Senior Contributor, 
 Jonathan Boyar, Senior Contributor
 https://www.forbes.com/sites/jonathanboyar/",How To Navigate The Current Stock Market Volatility Revisted,"Through all the uncertainty, I am keeping in mind Warren Buffett’s observation that “[t]he future is never clear; you pay a very high price in the stock market for a cheery consensus. Uncertainty actually is the friend of the buyer of long-term values.”",https://www.forbes.com/sites/jonathanboyar/2022/06/17/how-to-navigate-the-stock-market-volatility/,https://imageio.forbes.com/specials-images/imageserve//62acdf3a478bc3276a0ae0ff/0x0.jpg?format=jpg&width=1200,2022-06-17T20:10:59Z,"On May 6, I shared my thoughts on how to navigate the current stock market turmoil, noting that the selloff was likely driven by many different investor concerns: inflation, interest rates, the war i… [+7610 chars]"
95,ok,847,"{'id': None, 'name': 'Yahoo Entertainment'}",Heather Bell,BondBloxx Adds Emerging Market Bond ETF,The issuer focuses on fixed income products.,https://finance.yahoo.com/news/bondbloxx-adds-emerging-market-bond-161500342.html,https://s.yimg.com/uu/api/res/1.2/RcnDUaHhXIQoXZYp34ED_A--~B/aD01MjA7dz03NjA7YXBwaWQ9eXRhY2h5b24-/https://media.zenfs.com/en/indexuniverse.com/2b076c537abaad4697230885e679d32e,2022-06-30T16:15:00Z,"BondBloxx Investment Management, a new issuer dedicated to launching fixed income ETFs, launched the BondBloxx JP Morgan USD Emerging Markets 1-10 Year Bond ETF (XEMD) on Thursday, a fund that tracks… [+1565 chars]"
96,ok,847,"{'id': None, 'name': 'Seeking Alpha'}",Retired Investor,QUAL Vs. JQUA For Quality-Factor ETF Title,QUAL is the iShares MSCI USA Quality Factor ETF which invests based on the MSCI USA Sector Neutral Quality Index. It was formed in mid 2013.,https://seekingalpha.com/article/4516376-qual-vs-jqua-for-quality-factor-etf-title,https://static.seekingalpha.com/cdn/s3/uploads/getty_images/1360733079/image_1360733079.jpg?io=getty-c-w750,2022-06-08T13:00:00Z,"gesrey/iStock via Getty Images
(This article was co-produced with Hoya Capital Real Estate)
 Introduction
 Factor-based ETFs came into existence as ETF sponsors looked for ways to bring in more as… [+10409 chars]"
97,ok,847,"{'id': None, 'name': 'Yahoo Entertainment'}",ACCESSWIRE,"Charge Enterprises to Present at the J.P. Morgan Energy, Power, Renewables Conference","NEW YORK, NY / ACCESSWIRE / June 16, 2022 /Charge Enterprises, Inc. (NASDAQ:CRGE) (""Charge"" or the ""Company""), a global business with the vision of...",https://finance.yahoo.com/news/charge-enterprises-present-j-p-110500039.html,https://s.yimg.com/cv/apiv2/social/images/yahoo_default_logo-1200x1200.png,2022-06-16T11:05:00Z,"NEW YORK, NY / ACCESSWIRE / June 16, 2022 /Charge Enterprises, Inc. (NASDAQ:CRGE) (""Charge"" or the ""Company""), a global business with the vision of connecting people everywhere with communications an… [+4356 chars]"
98,ok,847,"{'id': None, 'name': 'The Advocate'}",,"New hires at The Water Institute, Breazeale, Sachse & Wilson - The Advocate","New hires at The Water Institute, Breazeale, Sachse & Wilson  The Advocate",https://www.theadvocate.com/baton_rouge/news/business/article_b9c7fffc-e698-11ec-8561-f7b5bd7ae3ca.html,https://bloximages.newyork1.vip.townnews.com/theadvocate.com/content/tncms/assets/v3/editorial/4/8f/48f0d9c6-e1f1-11ec-94ce-7bab7a817c3f/6297d9431a1b1.image.jpg?crop=1280%2C672%2C0%2C90&resize=1200%2C630&order=crop%2Cresize,2022-06-26T05:15:00Z,"Baton Rouge
Jessica Renee Henkel has joined The Water Institute as deputy director to the chief scientist.
Henkel was science adviser and coordinator for the Gulf Coast Ecosystem Restoration Counci… [+5518 chars]"
99,ok,847,"{'id': None, 'name': '24/7 Wall St.'}",247chrislange,2 Fresh Ideas From JP Morgan With Up to 60% Upside Potential,J.P. Morgan takes a look at a pair of stocks with potentially huge upside and where they could go in light of a possible recession.,https://247wallst.com/investing/2022/07/06/2-fresh-ideas-from-jp-morgan-with-up-to-60-upside-potential/,https://247wallst.com/wp-content/uploads/2022/02/imageForEntry47-Gte.jpg,2022-07-06T13:48:08Z,"Equities have been in free-fall over the past quarter, and some investors now are shopping around and bottom-fishing for any stock that could provide some upside or security. One major Wall Street fi… [+3220 chars]"
