Title,Description,Content,Rating
Epic accuses Apple of 'delaying' key U.S. appeals court hearing - Reuters.com,"Video game maker Epic Games Inc on Wednesday accused Apple Inc of ""needlessly delaying"" a pivotal hearing in an antitrust clash in the 9th U.S. Circuit Court of Appeals over key App Store policies.","<ul><li>
Summary</li><li>
Law firms</li><li>
Related documents</li></ul>
(Reuters) - Video game maker Epic Games Inc on Wednesday accused Apple Inc of ""needlessly delaying"" a pivotal hearing in a… [+2861 chars]","{'neg': 0.179, 'neu': 0.821, 'pos': 0.0, 'compound': -0.34}"
Apple fights NFL Sunday Ticket plaintiffs over antitrust subpoena - Reuters.com,"Apple Inc is fighting to shield its commercial information in a dustup in California federal court, as plaintiffs' lawyers seek to pry information from the company in their antitrust case involving the National Football League's ""Sunday Ticket"" programming pa…","(Reuters) - Apple Inc is fighting to shield its commercial information in a dustup in California federal court, as plaintiffs' lawyers seek to pry information from the company in their antitrust case… [+2842 chars]","{'neg': 0.213, 'neu': 0.787, 'pos': 0.0, 'compound': -0.4019}"
Apple store workers in Maryland form first US union - Reuters.com,"19/06 Apple Inc AAPL.O workers in Maryland voted on Saturday to join a union, becoming the first retail employees of the tech giant to unionize in the United States.","Posted 
19/06 Apple Inc AAPL.O workers in Maryland voted on Saturday to join a union, becoming the first retail employees of the tech giant to unionize in the United States.","{'neg': 0.0, 'neu': 1.0, 'pos': 0.0, 'compound': 0.0}"
"Enjoy Technology, led by ex-Apple and JC Penney executive Johnson, files bankruptcy - Reuters.com","Enjoy Technology Inc <a href=""https://www.reuters.com/companies/ENJY.O"" target=""_blank"">(ENJY.O)</a>, a Silicon Valley retailer led by former Apple Inc <a href=""https://www.reuters.com/companies/AAPL.O"" target=""_blank"">(AAPL.O)</a> and JC Penney Co executive …","June 30 (Reuters) - Enjoy Technology Inc (ENJY.O), a Silicon Valley retailer led by former Apple Inc (AAPL.O) and JC Penney Co executive Ron Johnson, filed for bankruptcy protection on Thursday, fewe… [+1946 chars]","{'neg': 0.0, 'neu': 0.802, 'pos': 0.198, 'compound': 0.4939}"
Adobe revamps metaverse design tools for Apple's chips - Reuters.com,"Adobe Inc <a href=""https://www.reuters.com/companies/ADBE.O"" target=""_blank"">(ADBE.O)</a> on Tuesday said it has reworked several of its tools for creating three-dimensional content to make them work well on Apple Inc <a href=""https://www.reuters.com/companie…",June 14 (Reuters) - Adobe Inc (ADBE.O) on Tuesday said it has reworked several of its tools for creating three-dimensional content to make them work well on Apple Inc (AAPL.O) computers that use the … [+2027 chars],"{'neg': 0.0, 'neu': 1.0, 'pos': 0.0, 'compound': 0.0}"
Apple will not challenge Maryland store unionization vote - Reuters.com,"Apple Inc <a href=""https://www.reuters.com/companies/AAPL.O"" target=""_blank"">(AAPL.O)</a> will not challenge the results of a vote by workers at its Towson, Maryland, store to unionize and intends to participate in the bargaining process in good faith, a pers…","June 24 (Reuters) - Apple Inc (AAPL.O) will not challenge the results of a vote by workers at its Towson, Maryland, store to unionize and intends to participate in the bargaining process in good fait… [+1089 chars]","{'neg': 0.12, 'neu': 0.88, 'pos': 0.0, 'compound': -0.0572}"
Apple eyes gas purchases from car dashboard - Reuters.com,"Apple Inc wants you to start buying gas directly from your car dashboard as early as this fall, when the newest version of its CarPlay software rolls out, accelerating the company's push to turn your vehicle into a store for goods and services. This report pr…","Posted 
Apple Inc wants you to start buying gas directly from your car dashboard as early as this fall, when the newest version of its CarPlay software rolls out, accelerating the company's push to … [+91 chars]","{'neg': 0.0, 'neu': 1.0, 'pos': 0.0, 'compound': 0.0}"
"Apple defeats class action over Meltdown, Spectre security flaws - Reuters","A U.S. judge on Wednesday dismissed a proposed class-action lawsuit accusing Apple Inc <a href=""https://www.reuters.com/companies/AAPL.O"" target=""_blank"">(AAPL.O)</a> of defrauding customers by selling iPhones and iPads whose processors proved vulnerable to t…",June 8 (Reuters) - A U.S. judge on Wednesday dismissed a proposed class-action lawsuit accusing Apple Inc (AAPL.O) of defrauding customers by selling iPhones and iPads whose processors proved vulnera… [+2093 chars],"{'neg': 0.168, 'neu': 0.657, 'pos': 0.175, 'compound': 0.0258}"
"Apple workers at Maryland store vote to unionize, a first for the U.S. - Reuters","Apple Inc <a href=""https://www.reuters.com/companies/AAPL.O"" target=""_blank"">(AAPL.O)</a> workers in Maryland voted on Saturday to join a union, becoming the first retail employees of the tech giant to unionize in the United States.","June 18 (Reuters) - Apple Inc (AAPL.O) workers in Maryland voted on Saturday to join a union, becoming the first retail employees of the tech giant to unionize in the United States.
More than 100 wo… [+1207 chars]","{'neg': 0.0, 'neu': 1.0, 'pos': 0.0, 'compound': 0.0}"
Apple hikes Japan price of iPhone by nearly a fifth - Reuters,"Apple Inc <a href=""https://www.reuters.com/companies/AAPL.O"" target=""_blank"">(AAPL.O)</a> has hiked by nearly a fifth the cost of its flagship iPhone phone in Japan, which is battling a weakening yen currency and rising inflation.","TOKYO, July 1 (Reuters) - Apple Inc (AAPL.O) has hiked by nearly a fifth the cost of its flagship iPhone phone in Japan, which is battling a weakening yen currency and rising inflation.
The Cupertin… [+763 chars]","{'neg': 0.0, 'neu': 1.0, 'pos': 0.0, 'compound': 0.0}"
U.S. Supreme Court won't hear Apple's bid to revive Qualcomm patent challenges - Reuters.com,"The U.S. Supreme Court on Monday declined to hear Apple Inc's <a href=""https://www.reuters.com/companies/AAPL.O"" target=""_blank"">(AAPL.O)</a> bid to revive an effort to cancel two Qualcomm Inc <a href=""https://www.reuters.com/companies/QCOM.O"" target=""_blank""…","WASHINGTON, June 27 (Reuters) - The U.S. Supreme Court on Monday declined to hear Apple Inc's (AAPL.O) bid to revive an effort to cancel two Qualcomm Inc (QCOM.O) smartphone patents despite the globa… [+2154 chars]","{'neg': 0.0, 'neu': 0.601, 'pos': 0.399, 'compound': 0.743}"
Dutch watchdog says Apple to offer other payment methods in dating apps - Reuters,"The Netherlands' antitrust watchdog on Saturday said Apple Inc <a href=""https://www.reuters.com/companies/AAPL.O"" target=""_blank"">(AAPL.O)</a> will allow different payment methods in Dutch dating applications, ending a dispute that resulted in the company bei…","June 11 (Reuters) - The Netherlands' antitrust watchdog on Saturday said Apple Inc (AAPL.O) will allow different payment methods in Dutch dating applications, ending a dispute that resulted in the co… [+1655 chars]","{'neg': 0.0, 'neu': 1.0, 'pos': 0.0, 'compound': 0.0}"
Analysis: Apple's next frontier is your car's dashboard - Reuters,"Apple Inc <a href=""https://www.reuters.com/companies/AAPL.O"" target=""_blank"">(AAPL.O)</a> wants to power the dashboard of your next car, but first it must convince automakers they will not end up surrendering future profits to the iPhone company like the make…","June 7 (Reuters) - Apple Inc (AAPL.O) wants to power the dashboard of your next car, but first it must convince automakers they will not end up surrendering future profits to the iPhone company like … [+5746 chars]","{'neg': 0.0, 'neu': 1.0, 'pos': 0.0, 'compound': 0.0}"
Apple eyes fuel purchases from dashboard as it revs up car software - Reuters,"Apple Inc <a href=""https://www.reuters.com/companies/AAPL.O"" target=""_blank"">(AAPL.O)</a> wants you to start buying gas directly from your car dashboard as early as this fall, when the newest version of its CarPlay software rolls out, accelerating the company…","June 30 (Reuters) - Apple Inc (AAPL.O) wants you to start buying gas directly from your car dashboard as early as this fall, when the newest version of its CarPlay software rolls out, accelerating th… [+4142 chars]","{'neg': 0.0, 'neu': 1.0, 'pos': 0.0, 'compound': 0.0}"
"Apple Announces New Features for Family Sharing, Including Shared iCloud Library","During WWDC 2022, Apple today announced new features and improvements to Family Sharing, including a long-awaited feature that lets families easily share photos and videos in the Shared Library. 





As part of iOS 16, Apple is making it easier for parents t…","During WWDC 2022, Apple today announced new features and improvements to Family Sharing, including a long-awaited feature that lets families easily share photos and videos in the Shared Library. 
As… [+990 chars]","{'neg': 0.0, 'neu': 0.634, 'pos': 0.366, 'compound': 0.6369}"
"As Apple upgrades its software, developers hunt for headset hints - Reuters.com","As Apple Inc <a href=""https://www.reuters.com/companies/AAPL.O"" target=""_blank"">(AAPL.O)</a> rolls out its usual stream of upgrades to operating systems for its iPhones, iPads and Macs at its annual software developer conference Monday, analysts and developer…","June 6 (Reuters) - As Apple Inc (AAPL.O) rolls out its usual stream of upgrades to operating systems for its iPhones, iPads and Macs at its annual software developer conference Monday, analysts and d… [+3721 chars]","{'neg': 0.0, 'neu': 1.0, 'pos': 0.0, 'compound': 0.0}"
"Apple and Android phones hacked by Italian spyware, Google says - Reuters","An Italian company's hacking tools were used to spy on Apple Inc<a href=""https://www.reuters.com/companies/AAPL.O"" target=""_blank"">(AAPL.O)</a> and Android smartphones in Italy and Kazakhstan, Alphabet Inc's<a href=""https://www.reuters.com/companies/GOOGL.O"" …","SAN FRANCISCO, June 23 (Reuters) - An Italian company's hacking tools were used to spy on Apple Inc(AAPL.O) and Android smartphones in Italy and Kazakhstan, Alphabet Inc's(GOOGL.O) Google said in a r… [+2963 chars]","{'neg': 0.197, 'neu': 0.803, 'pos': 0.0, 'compound': -0.4019}"
"China COVID controls makes Apple supplier Pegatron ""emphasise"" expansion elsewhere - Reuters.com","China's recent lockdowns to control the spread of COVID-19 have made Apple Inc <a href=""https://www.reuters.com/companies/AAPL.O"" target=""_blank"">(AAPL.O)</a> iPhone assembler Pegatron Corp <a href=""https://www.reuters.com/companies/4938.TW"" target=""_blank"">(…","TAIPEI, June 15 (Reuters) - China's recent lockdowns to control the spread of COVID-19 have made Apple Inc (AAPL.O) iPhone assembler Pegatron Corp (4938.TW) ""emphasise"" its expansion in other countri… [+2013 chars]","{'neg': 0.0, 'neu': 1.0, 'pos': 0.0, 'compound': 0.0}"
U.S. House speaker Pelosi discloses trades in Apple and Microsoft - Reuters.com,"U.S. House Speaker Nancy Pelosi disclosed new stock market trades on Monday, showing purchases of options to buy shares of Apple Inc <a href=""https://www.reuters.com/companies/AAPL.O"" target=""_blank"">(AAPL.O)</a> and Microsoft Corp <a href=""https://www.reuter…","June 6 (Reuters) - U.S. House Speaker Nancy Pelosi disclosed new stock market trades on Monday, showing purchases of options to buy shares of Apple Inc (AAPL.O) and Microsoft Corp (MSFT.O).
In a per… [+2252 chars]","{'neg': 0.0, 'neu': 1.0, 'pos': 0.0, 'compound': 0.0}"
"A U.S. FCC commissioner urges Apple, Google to boot TikTok from app stores - Reuters","A Republican member of the Federal Communications Commission has urged the chief executives of Apple Inc <a href=""https://www.reuters.com/companies/AAPL.O"" target=""_blank"">(AAPL.O)</a> and Alphabet Inc's <a href=""https://www.reuters.com/companies/GOOGL.O"" tar…","WASHINGTON/NEW YORK, June 29 (Reuters) - A Republican member of the Federal Communications Commission has urged the chief executives of Apple Inc (AAPL.O) and Alphabet Inc's (GOOGL.O) Google to kick … [+2445 chars]","{'neg': 0.0, 'neu': 1.0, 'pos': 0.0, 'compound': 0.0}"
watchOS 9 Drops Support for Apple Watch Series 3,"watchOS 9 has officially dropped support for the Apple Watch Series 3, as it will only be compatible with the Apple Watch Series 4 and later.





watchOS 9 includes several refinements to the Workout app, sleep tracking, and new and updated watch faces. watc…","watchOS 9 has officially dropped support for the Apple Watch Series 3, as it will only be compatible with the Apple Watch Series 4 and later.
watchOS 9 includes several refinements to the Workout ap… [+142 chars]","{'neg': 0.0, 'neu': 0.748, 'pos': 0.252, 'compound': 0.4019}"
Apple's Cook urges U.S. lawmakers to pass federal privacy law - Reuters,"Apple Inc <a href=""https://www.reuters.com/companies/AAPL.O"" target=""_blank"">(AAPL.O)</a> Chief Executive Tim Cook on Friday sent a letter to a group of U.S. lawmakers asking them to pass federal privacy legislation, according to a copy of the letter seen by …","June 10 (Reuters) - Apple Inc (AAPL.O) Chief Executive Tim Cook on Friday sent a letter to a group of U.S. lawmakers asking them to pass federal privacy legislation, according to a copy of the letter… [+458 chars]","{'neg': 0.0, 'neu': 1.0, 'pos': 0.0, 'compound': 0.0}"
"Apple Announces Redesigned MacBook Air With M2 Chip, Notch, MagSafe, New Colors, and More","Apple today unveiled the next-generation MacBook Air with the all-new M2 chip, a redesigned unibody enclosure, a brighter display with a notch, new color options like Starlight and Midnight, MagSafe charging, a 1080p camera, and more.







The new ‌MacBook …","Apple today unveiled the next-generation MacBook Air with the all-new M2 chip, a redesigned unibody enclosure, a brighter display with a notch, new color options like Starlight and Midnight, MagSafe … [+965 chars]","{'neg': 0.0, 'neu': 1.0, 'pos': 0.0, 'compound': 0.0}"
Australia's BNPL stocks wilt after Apple announces entry - Reuters.com,"Australia's 'buy now, pay later' shares (BNPL) dived on Tuesday after Apple <a href=""https://www.reuters.com/companies/AAPL.O"" target=""_blank"">(AAPL.O)</a> launched its pay later service, at a time when surging interest rates, stubborn prices and geopolitical…","June 7 (Reuters) - Australia's 'buy now, pay later' shares (BNPL) dived on Tuesday after Apple (AAPL.O) launched its pay later service, at a time when surging interest rates, stubborn prices and geop… [+1683 chars]","{'neg': 0.0, 'neu': 1.0, 'pos': 0.0, 'compound': 0.0}"
Tesla to seek investor approval for 3-for-1 stock split - Reuters.com,"Electric vehicle maker Tesla Inc <a href=""https://www.reuters.com/companies/TSLA.O"" target=""_blank"">(TSLA.O)</a> on Friday proposed a stock split at a three-to-one ratio in the form of a stock dividend, according to a regulatory filing.","June 10 (Reuters) - Electric vehicle maker Tesla Inc (TSLA.O) on Friday proposed a stock split at a three-to-one ratio in the form of a stock dividend, according to a regulatory filing.
The proposal… [+927 chars]","{'neg': 0.0, 'neu': 0.763, 'pos': 0.237, 'compound': 0.4767}"
Apple Announces iOS 16: First Look at New Features,"Apple today previewed iOS 16, the company's next major update for the iPhone, featuring a redesigned, customizable Lock Screen, new sharing and personalization capabilities, and more.





An all-new, fully customizable Lock Screen allows users to edit a larg…","Apple today previewed iOS 16, the company's next major update for the iPhone, featuring a redesigned, customizable Lock Screen, new sharing and personalization capabilities, and more.
An all-new, fu… [+1034 chars]","{'neg': 0.0, 'neu': 1.0, 'pos': 0.0, 'compound': 0.0}"
iPad Finally Gains Weather App With iPadOS 16,"With iPadOS 16, Apple is finally bringing a native Weather app to the iPad, taking advantage of the larger ‌iPad‌ display. Apple is also introducing WeatherKit for developers on the platform.





The ‌iPad‌'s lack of a Weather app has been a long-running jok…","With iPadOS 16, Apple is finally bringing a native Weather app to the iPad, taking advantage of the larger ‌iPad‌ display. Apple is also introducing WeatherKit for developers on the platform.
The ‌i… [+291 chars]","{'neg': 0.0, 'neu': 0.745, 'pos': 0.255, 'compound': 0.34}"
Craig Federighi Talks iOS 16 Lock Screen Redesign and More in Annual WWDC Episode of 'The Talk Show',"Apple's senior vice president of software engineering, Craig Federighi, joined by Apple's senior vice president of marketing, Greg Joswiak, have talked at length about iOS 16's lock screen redesign, iPadOS 16's and macOS Ventura's new ""Stage Manager"" feature,…","Apple's senior vice president of software engineering, Craig Federighi, joined by Apple's senior vice president of marketing, Greg Joswiak, have talked at length about iOS 16's lock screen redesign, … [+553 chars]","{'neg': 0.0, 'neu': 1.0, 'pos': 0.0, 'compound': 0.0}"
Nasdaq futures tumble 3% on aggressive rate hike bets - Reuters,Futures tracking the tech-heavy Nasdaq tumbled nearly 3% on Monday as a widely watched part of the Treasury yield curve inverted on growing fears that aggressive interest rate hikes by the Federal Reserve will tip the economy into recession.,June 13 (Reuters) - Futures tracking the tech-heavy Nasdaq tumbled nearly 3% on Monday as a widely watched part of the Treasury yield curve inverted on growing fears that aggressive interest rate hik… [+1316 chars],"{'neg': 0.138, 'neu': 0.862, 'pos': 0.0, 'compound': -0.1531}"
"Berkshire Hathaway buys 9.9 mln more Occidental shares, has 17.4% stake - Reuters","Warren Buffett's Berkshire Hathaway Inc <a href=""https://www.reuters.com/companies/BRKa.N"" target=""_blank"">(BRKa.N)</a> said it has bought another 9.9 million shares of Occidental Petroleum Corp <a href=""https://www.reuters.com/companies/OXY.N"" target=""_blank…","July 1 (Reuters) - Warren Buffett's Berkshire Hathaway Inc (BRKa.N) said it has bought another 9.9 million shares of Occidental Petroleum Corp (OXY.N), giving it a 17.4% stake in the oil company.
Be… [+1977 chars]","{'neg': 0.0, 'neu': 0.829, 'pos': 0.171, 'compound': 0.3566}"
Apple Developer Center Opens Ahead of WWDC 2022 With Rooms Named After macOS Releases,"Just one day ahead of WWDC 2022, the all-new Apple Developer Center has opened, with developers able to receive a brief tour of the first floor.



Big Sur studio at Apple Developer Center via Paul Hudson

Located on the Apple Park campus, Apple describes the…","Just one day ahead of WWDC 2022, the all-new Apple Developer Center has opened, with developers able to receive a brief tour of the first floor.
Located on the Apple Park campus, Apple describes the… [+1168 chars]","{'neg': 0.0, 'neu': 1.0, 'pos': 0.0, 'compound': 0.0}"
iOS 16 Introduces Ability to Edit or Unsend iMessages,"Apple today announced that the Messages app on iOS 16 has been significantly enhanced with several new features.





iOS 16 introduces the ability to edit and unsend iMessages already sent, mark iMessage conversations as unread, and more. These features will…","Apple today announced that the Messages app on iOS 16 has been significantly enhanced with several new features.
iOS 16 introduces the ability to edit and unsend iMessages already sent, mark iMessag… [+512 chars]","{'neg': 0.0, 'neu': 0.777, 'pos': 0.223, 'compound': 0.3182}"
Apple Releasing 35W Power Adapter With Dual USB-C Ports in Standard and Compact Sizes,"Following its WWDC 2022 keynote today, Apple has listed a new 35W power adapter with dual USB-C ports as ""coming soon"" on its online store. The adapter will be available in both standard and compact sizes, with both priced at $59 in the United States.





Th…","Following its WWDC 2022 keynote today, Apple has listed a new 35W power adapter with dual USB-C ports as ""coming soon"" on its online store. The adapter will be available in both standard and compact … [+533 chars]","{'neg': 0.0, 'neu': 1.0, 'pos': 0.0, 'compound': 0.0}"
"Volkswagen CEO Skeptical About Apple Car, Believes in CarPlay-Only Approach","Volkswagen CEO Herbert Diess is skeptical that Apple is planning to sell a physical vehicle and believes that the company is focusing on cockpit software instead (via Reuters).





Diess made the comments at the hub.berlin technology conference in Berlin, wh…","Volkswagen CEO Herbert Diess is skeptical that Apple is planning to sell a physical vehicle and believes that the company is focusing on cockpit software instead (via Reuters).
Diess made the commen… [+1720 chars]","{'neg': 0.204, 'neu': 0.796, 'pos': 0.0, 'compound': -0.3182}"
"Apple and Android phones hacked by Italian spyware, Google says - Financial Post","<ol><li>Apple and Android phones hacked by Italian spyware, Google says  Financial Post
</li><li>Google Warns of New Spyware Targeting iOS and Android Users  WIRED
</li><li>Why you don't need to worry about the recent Italian iPhone hacker attack  Macworld…","Author of the article:
Article content
SAN FRANCISCO An Italian companys hacking tools were used to spy on Apple Inc and Android smartphones in Italy and Kazakhstan, Alphabet Incs Google said in a … [+4235 chars]","{'neg': 0.184, 'neu': 0.816, 'pos': 0.0, 'compound': -0.4019}"
"Futures rebound as China ADRs rally; tech, growth stocks rise - Reuters.com","U.S. stock index futures bounced on Monday, as a report of Beijing regulators concluding a year-long probe into Didi Global added to optimism about easing COVID-19 curbs in the country, lifting shares of other NY-listed China stocks.","June 6 (Reuters) - U.S. stock index futures bounced on Monday, as a report of Beijing regulators concluding a year-long probe into Didi Global added to optimism about easing COVID-19 curbs in the cou… [+1758 chars]","{'neg': 0.0, 'neu': 0.809, 'pos': 0.191, 'compound': 0.3818}"
Futures edge higher after Monday's rout on Wall Street - Reuters.com,U.S. stock index futures pointed to a potential rebound on Wall Street on Tuesday after a sharp selloff in the previous session pushed the S&P 500 into bear market territory.,"June 14 (Reuters) - U.S. stock index futures pointed to a potential rebound on Wall Street on Tuesday after a sharp selloff in the previous session pushed the S&amp;P 500 into bear market territory.… [+2379 chars]","{'neg': 0.0, 'neu': 1.0, 'pos': 0.0, 'compound': 0.0}"
Wall St set to extend bounce as inflation fears ease - Reuters.com,"U.S. stock index futures edged higher on Monday, setting up Wall Street to extend gains from the previous week after a slide in commodity prices eased worries of prolonged inflation.","June 27 (Reuters) - U.S. stock index futures edged higher on Monday, setting up Wall Street to extend gains from the previous week after a slide in commodity prices eased worries of prolonged inflati… [+2193 chars]","{'neg': 0.175, 'neu': 0.562, 'pos': 0.263, 'compound': 0.1027}"
Futures edge lower as Fed hawks push for faster rate hikes - Reuters.com,U.S. stock index futures dipped on Wednesday after several Federal Reserve policymakers made the case for faster interest rate hikes to bring down high inflation.,"June 29 (Reuters) - U.S. stock index futures dipped on Wednesday after several Federal Reserve policymakers made the case for faster interest rate hikes to bring down high inflation.
Investors are n… [+2115 chars]","{'neg': 0.155, 'neu': 0.845, 'pos': 0.0, 'compound': -0.296}"
iOS 16 Introduces Safety Check to Help Users in Abusive Relationships,"As part of iOS 16, Apple is introducing Safety Check, a new feature meant to help individuals in an abusive relationship quickly and safely end sharing their passwords, location, and more with their partner.





As Apple describes Safety Check:

A new privac…","As part of iOS 16, Apple is introducing Safety Check, a new feature meant to help individuals in an abusive relationship quickly and safely end sharing their passwords, location, and more with their … [+689 chars]","{'neg': 0.237, 'neu': 0.452, 'pos': 0.311, 'compound': 0.0772}"
Ashurst expands U.S. footprint with office opening in Austin - Reuters.com,"International law firm Ashurst said Thursday it opened its third U.S. outpost in Austin, Texas, amid an influx of firms setting up shop in the city.","(Reuters) - International law firm Ashurst said Thursday it opened its third U.S. outpost in Austin, Texas, amid an influx of firms setting up shop in the city.
Ashurst is among a small group of U.K… [+1888 chars]","{'neg': 0.0, 'neu': 0.877, 'pos': 0.123, 'compound': 0.1027}"
"Global smartphone, PC shipments to decline in 2022 on China slowdown - Gartner - Reuters.com","China's slowing economy and an inflation-driven drop in consumer spending are expected to drag down global shipments of computers and smartphones this year, according to research firm Gartner.","June 30 (Reuters) - China's slowing economy and an inflation-driven drop in consumer spending are expected to drag down global shipments of computers and smartphones this year, according to research … [+1512 chars]","{'neg': 0.0, 'neu': 1.0, 'pos': 0.0, 'compound': 0.0}"
Clock and Weather Come to the Mac With macOS Ventura,"With macOS Ventura, Apple is bringing a native Weather app to the Mac, alongside a new Clock app that lets users set timers, see world clocks, set alarms, and more.





macOS Ventura adds several features to the Mac, including a new way to manage multiple wi…","With macOS Ventura, Apple is bringing a native Weather app to the Mac, alongside a new Clock app that lets users set timers, see world clocks, set alarms, and more.
macOS Ventura adds several featur… [+343 chars]","{'neg': 0.0, 'neu': 1.0, 'pos': 0.0, 'compound': 0.0}"
Apple's Online Store Down Ahead of WWDC Keynote Event,"Apple's online storefront has gone down ahead of the Worldwide Developers Conference keynote event, which is scheduled to start at 10:00 a.m. Pacific Time.





It has been several years since Apple released new hardware at WWDC, but the fact that the store i…","Apple's online storefront has gone down ahead of the Worldwide Developers Conference keynote event, which is scheduled to start at 10:00 a.m. Pacific Time.
It has been several years since Apple rele… [+662 chars]","{'neg': 0.0, 'neu': 1.0, 'pos': 0.0, 'compound': 0.0}"
Futures jump after worst week for S&P 500 since March 2020 - Reuters,U.S. stock index futures climbed on Tuesday as investors returned from a long weekend to scoop up shares of megacap growth companies and banks that were hammered in a rout last week on worries over a global economic downturn.,June 21 (Reuters) - U.S. stock index futures climbed on Tuesday as investors returned from a long weekend to scoop up shares of megacap growth companies and banks that were hammered in a rout last we… [+2158 chars],"{'neg': 0.255, 'neu': 0.745, 'pos': 0.0, 'compound': -0.6249}"
Futures tumble on last day of a torrid first-half on growth fears - Reuters.com,U.S. stock index futures slid on Thursday on the last day of a dismal first-half of the year on worries that central banks determined to tame inflation will hamper global economic growth.,June 30 (Reuters) - U.S. stock index futures slid on Thursday on the last day of a dismal first-half of the year on worries that central banks determined to tame inflation will hamper global economic… [+2036 chars],"{'neg': 0.161, 'neu': 0.69, 'pos': 0.149, 'compound': -0.0516}"
Steve Jobs Awarded Posthumous Medal of Freedom By President Biden,"Steve Jobs, the co-founder and former CEO of Apple, has been awarded a posthumous Presidential Medal of Freedom by President Joe Biden, the White House announced Friday. The Verge reports: The Presidential Medal of Freedom is the highest US honor that can be …","of the Steve Jobs' fellating by the mainstream. The guy was a salesman who often never heeded the sage advice of the experts he hired.
The person who really deserves that award is WOZNIAK.
Not real… [+2047 chars]","{'neg': 0.0, 'neu': 0.412, 'pos': 0.588, 'compound': 0.875}"
"Wall Street set to rebound as China ADRs, growth stocks rally - Reuters.com","Wall Street was set to open higher on Monday after a drop last week, with U.S.-listed shares of Chinese technology companies rallying on optimism around easing regulatory crackdowns and relaxing COVID-19 curbs in the world's second-largest economy.","June 6 (Reuters) - Wall Street was set to open higher on Monday after a drop last week, with U.S.-listed shares of Chinese technology companies rallying on optimism around easing regulatory crackdown… [+3237 chars]","{'neg': 0.0, 'neu': 0.822, 'pos': 0.178, 'compound': 0.3818}"
Steve Jobs to Be Posthumously Awarded Presidential Medal of Freedom,"Apple co-founder and former CEO Steve Jobs is to be posthumously awarded the Presidential Medal of Freedom, the White House today announced.





The Presidential Medal of Freedom is the United States' highest civilian honor, presented to individuals ""who hav…","Apple co-founder and former CEO Steve Jobs is to be posthumously awarded the Presidential Medal of Freedom, the White House today announced.
The Presidential Medal of Freedom is the United States' h… [+1836 chars]","{'neg': 0.0, 'neu': 0.412, 'pos': 0.588, 'compound': 0.875}"
: Apple has ended imports of gold and tungsten from Russia,"Apple Inc. is no longer importing gold and tungsten from Russia, the company has confirmed to MarketWatch.","Apple Inc. is no longer importing gold and tungsten from Russia, the company has confirmed to MarketWatch.The tech giant uses a range of materials, including gold, tungsten and the metal tantalum in … [+1472 chars]","{'neg': 0.0, 'neu': 1.0, 'pos': 0.0, 'compound': 0.0}"
Google to pay $90 million to settle legal fight with app developers - Reuters,"Alphabet Inc's <a href=""https://www.reuters.com/companies/GOOGL.O"" target=""_blank"">(GOOGL.O)</a> Google has agreed to pay $90 million to settle a legal fight with app developers over the money they earned creating apps for Android smartphones and for enticing…","WASHINGTON, June 30 (Reuters) - Alphabet Inc's (GOOGL.O) Google has agreed to pay $90 million to settle a legal fight with app developers over the money they earned creating apps for Android smartpho… [+1887 chars]","{'neg': 0.242, 'neu': 0.667, 'pos': 0.091, 'compound': -0.3612}"
Analysis: Some investors bet top growth stocks will thrive in U.S. recession - Reuters,Concerns about a possible U.S. recession are prompting some fund managers to rotate back into the big tech and growth winners of the last decade in the hope that they can better weather an economic storm.,"NEW YORK, July 1 (Reuters) - Concerns about a possible U.S. recession are prompting some fund managers to rotate back into the big tech and growth winners of the last decade in the hope that they can… [+4637 chars]","{'neg': 0.154, 'neu': 0.604, 'pos': 0.242, 'compound': 0.1531}"
Warren Buffett charity lunch fetches winning bid of $19 mln - Reuters,"A lucky, and likely wealthy, person bid more than $19 million to dine with Warren Buffett, in the 21st and final time that the billionaire businessman auctioned a private lunch to benefit a San Francisco charity.","June 17 (Reuters) - A lucky, and likely wealthy, person bid more than $19 million to dine with Warren Buffett, in the 21st and final time that the billionaire businessman auctioned a private lunch to… [+2290 chars]","{'neg': 0.0, 'neu': 0.617, 'pos': 0.383, 'compound': 0.7351}"
"WWDC 2022 Apple Event Live Keynote Coverage: iOS 16, macOS 13, and More","Apple's Worldwide Developers Conference (WWDC) starts today with the traditional keynote kicking things off at 10:00 a.m. Pacific Time.





We're expecting to see a number of announcements, including iOS 16, macOS 13, watchOS 9, and tvOS 16, though it's uncl…","Apple's Worldwide Developers Conference (WWDC) starts today with the traditional keynote kicking things off at 10:00 a.m. Pacific Time.
We're expecting to see a number of announcements, including iO… [+757 chars]","{'neg': 0.0, 'neu': 1.0, 'pos': 0.0, 'compound': 0.0}"
How Microsoft beat Apple to buy PowerPoint for $14M (1987),This is part one of a series of stories from Robert Gaskins who helped invent PowerPoint at Forethought Inc. in 1984. It was the first significant acquisition made by Microsoft. We interviewed Robert about the process of building a startup in the 1980s and… R…,This is part one of a series of stories from Robert Gaskins who helped invent PowerPoint at Forethought Inc. in 1984. It was the first significant acquisition made by Microsoft. We interviewed Robert… [+13871 chars],"{'neg': 0.0, 'neu': 1.0, 'pos': 0.0, 'compound': 0.0}"
Apple's buy-now-pay-later rival to AfterPay. A lawyer who helps victims of predatory lending says Apple could use the data it has on you to push reckless spending.,"A lawyer who represents victims of predatory lending said Apple's entrance into Buy Now, Pay Later makes new regulation 'even more urgent'","Apple is the latest entrant to the 
buy-now-pay-later market, but unlike rivals such as Klarna or AfterPay it already holds huge amounts of information about how its customers spend their money.
On… [+3912 chars]","{'neg': 0.158, 'neu': 0.759, 'pos': 0.082, 'compound': -0.34}"
Legal clashes await U.S. companies covering workers' abortion costs - Reuters,"A growing number of large U.S. companies have said they will cover travel costs for employees who must leave their home states to get abortions, but these new policies could expose businesses to lawsuits and even potential criminal liability, legal experts sa…","June 26 (Reuters) - A growing number of large U.S. companies have said they will cover travel costs for employees who must leave their home states to get abortions, but these new policies could expos… [+5605 chars]","{'neg': 0.0, 'neu': 0.756, 'pos': 0.244, 'compound': 0.2263}"
"Apple Pay Later lets you pay in instalments, directly in Wallet app, inc 0% interest","Among today’s iOS 16 announcements is Apple Pay Later, a way to let you pay in instalments simply by choosing the option in the Wallet app when you make payment.
You can pay in four equal instalments, and get up to six month’s interest-free … 
 more…
The post…","Among today’s iOS 16 announcements is Apple Pay Later, a way to let you pay in instalments simply by choosing the option in the Wallet app when you make payment.
You can pay in four equal instalment… [+465 chars]","{'neg': 0.157, 'neu': 0.674, 'pos': 0.169, 'compound': 0.296}"
iPhone 14 Pro Max: Release date to expected specifications; Everything we know so far - HT Tech,"<ol><li>iPhone 14 Pro Max: Release date to expected specifications; Everything we know so far  HT Tech
</li><li>I asked AI to make an iPhone 14 render, and it's as weird as you'd imagine  Techradar
</li><li>Is this the iPhone 14? no more Mini! No more notch…",Apple is just a few more months away from the launch of its iPhone 14 line up. The rumours and speculations regarding the features of iPhone 14 Pro models are already creating much hype on social med… [+2504 chars],"{'neg': 0.0, 'neu': 1.0, 'pos': 0.0, 'compound': 0.0}"
Futures rise as investors scale back rate hike expectations - Reuters.com,U.S. stock index futures rose on Friday as signs of slowing economic growth and falling commodity prices eased expectations over how high the Federal Reserve will raise interest rates to rein in inflation.,June 24 (Reuters) - U.S. stock index futures rose on Friday as signs of slowing economic growth and falling commodity prices eased expectations over how high the Federal Reserve will raise interest r… [+2721 chars],"{'neg': 0.0, 'neu': 1.0, 'pos': 0.0, 'compound': 0.0}"
"WWDC 2022 Rumor Report Card: MacBook Air With White Bezels, iOS 16 Lock Screen Changes, and More","This week, Apple held a jam-packed WWDC keynote where it announced iOS 16, iPadOS 16, macOS Ventura, watchOS 9, the next-generation of Apple silicon with M2, a new redesigned MacBook Air, and a revamped 13-inch MacBook Pro.





As is typical with all of Appl…","This week, Apple held a jam-packed WWDC keynote where it announced iOS 16, iPadOS 16, macOS Ventura, watchOS 9, the next-generation of Apple silicon with M2, a new redesigned MacBook Air, and a revam… [+3715 chars]","{'neg': 0.0, 'neu': 1.0, 'pos': 0.0, 'compound': 0.0}"
Apple plans to bargain with Maryland retail store after union vote,"Apple intends to bargain with the newly formed labor union at its Maryland retail store, according to Reuters. Apple Inc will not challenge the results of a vote by workers at its Towson, Maryland, store to join a labor union and intends to participate in the…","Apple intends to bargain with the newly formed labor union at its Maryland retail store, according to Reuters.
Apple Inc will not challenge the results of a vote by workers at its Towson, Maryland, … [+1147 chars]","{'neg': 0.0, 'neu': 0.847, 'pos': 0.153, 'compound': 0.2023}"
The Ratings Game: Apple is the safest play in consumer hardware but isn’t immune to this one ‘growing risk’,"Apple Inc. faces risks from an expected slowdown in tech spending, but it's still the safest bet among consumer-hardware names, according to Morgan Stanley.","Apple Inc. faces risks from an expected slowdown in tech spending, but its still the safest play among consumer-hardware names, according to Morgan Stanley. While low- and mid-range consumer spending… [+2260 chars]","{'neg': 0.0, 'neu': 0.716, 'pos': 0.284, 'compound': 0.6542}"
Apple Products Set to Use Common Charging Point After EU Deal,All smartphones and tablets would have to use a common charger under a provisional European Union agreement clinched on Tuesday.,"All smartphones and tablets would have to use a common charger under a provisional European Union agreement clinched on Tuesday.
The plan would force all companies—most notably Apple Inc.—to make ph… [+1649 chars]","{'neg': 0.0, 'neu': 1.0, 'pos': 0.0, 'compound': 0.0}"
3 Buffett Stocks to Buy on the Dip,Warren Buffett’s strategic investment decisions have been a guide for retail inventors for decades. And we think investors should consider buying the dip in these fundamentally solid stocks from his...,Warren Buffett's strategic investment decisions have been a guide for retail inventors for decades. And we think investors should consider buying the dip in these fundamentally solid stocks from his … [+6466 chars],"{'neg': 0.0, 'neu': 1.0, 'pos': 0.0, 'compound': 0.0}"
"'It could be a long, cold, summer for housing': BMO economist - The Globe and Mail","<ol><li>'It could be a long, cold, summer for housing': BMO economist  The Globe and Mail
</li><li>Canadian Real Estate's Worst Case Is A 30% Price Drop, Still Down By 2027: RBC - Better Dwelling  Better Dwelling
</li><li>Posthaste: So long, seller's market…","A daily roundup of research and analysis from The Globe and Mails market strategist Scott Barlow
BMO chief strategist Brian Belski notes more difficult conditions for Canadian equity investors,
Whi… [+4425 chars]","{'neg': 0.0, 'neu': 1.0, 'pos': 0.0, 'compound': 0.0}"
Futures slip as tech-driven rally loses steam - Reuters,"U.S. stock index futures slipped on Wednesday as a rally in technology and growth stocks from the previous session eased, while higher oil prices stoked worries of a further rise in global inflation.","June 8 (Reuters) - U.S. stock index futures slipped on Wednesday as a rally in technology and growth stocks from the previous session eased, while higher oil prices stoked worries of a further rise i… [+1793 chars]","{'neg': 0.223, 'neu': 0.777, 'pos': 0.0, 'compound': -0.3182}"
"Futures rebound as Tesla, other growth stocks gain - Reuters.com","U.S. stock index futures rose on Thursday, led by Tesla and other growth shares following a broad selloff on Wall Street on worries over surging inflation and the path for interest rate hikes.","June 9 (Reuters) - U.S. stock index futures rose on Thursday, led by Tesla and other growth shares following a broad selloff on Wall Street on worries over surging inflation and the path for interest… [+2325 chars]","{'neg': 0.0, 'neu': 0.571, 'pos': 0.429, 'compound': 0.7184}"
Futures slump as recession fears loom - Reuters,"U.S. stock index futures fell sharply on Thursday, pointing to a reversal of the previous session's rally, as fears of a recession grew after the Federal Reserve's biggest rate hike in nearly three decades.","June 16 (Reuters) - U.S. stock index futures fell sharply on Thursday, pointing to a reversal of the previous session's rally, as fears of a recession grew after the Federal Reserve's biggest rate hi… [+1751 chars]","{'neg': 0.6, 'neu': 0.4, 'pos': 0.0, 'compound': -0.7579}"
New Zealand dairy and meat farmers disappointed in EU trade deal - Reuters,"New Zealand dairy, sheep and beef farmers are largely disappointed by the newly signed New Zealand-European Union free trade agreement, lamenting it provides little new access to the profitable market for meat and dairy.","WELLINGTON, July 1 (Reuters) - New Zealand dairy, sheep and beef farmers are largely disappointed by the newly signed New Zealand-European Union free trade agreement, lamenting it provides little new… [+2212 chars]","{'neg': 0.205, 'neu': 0.795, 'pos': 0.0, 'compound': -0.4767}"
EU fails to agree corporate tax reform as Hungary vetoes overhaul - Reuters,"Hungary's Finance Minister Mihaly Varga told his EU counterparts on Friday that his country could not support a reform of corporate taxation at this stage, effectively preventing a deal at EU level.","LUXEMBOURG, June 17 (Reuters) - Hungary's Finance Minister Mihaly Varga told his EU counterparts on Friday that his country could not support a reform of corporate taxation at this stage, effectively… [+2258 chars]","{'neg': 0.172, 'neu': 0.675, 'pos': 0.153, 'compound': -0.0772}"
Gartner revises 2022 mobile sales estimates to fall 7.1% - Reuters.com,"Gartner forecast global mobile phone sales to fall 7.1% this year on Thursday, revising its earlier estimate of a growth of 2.2%, citing inflation, Russia's invasion of Ukraine and lockdowns in China.","STOCKHOLM, June 30 (Reuters) - Gartner forecast global mobile phone sales to fall 7.1% this year on Thursday, revising its earlier estimate of a growth of 2.2%, citing inflation, Russia's invasion of… [+2017 chars]","{'neg': 0.0, 'neu': 1.0, 'pos': 0.0, 'compound': 0.0}"
Taiwan's Foxconn raises full-year outlook on strong tech demand - Reuters.com,"Taiwan's Foxconn <a href=""https://www.reuters.com/companies/2317.TW"" target=""_blank"">(2317.TW)</a>, the world's largest contract electronics maker, raised its full-year business outlook on Monday thanks to strong sales of smartphones and servers despite conce…","TAIPEI, July 4 (Reuters) - Taiwan's Foxconn (2317.TW), the world's largest contract electronics maker, raised its full-year business outlook on Monday thanks to strong sales of smartphones and server… [+2505 chars]","{'neg': 0.109, 'neu': 0.652, 'pos': 0.239, 'compound': 0.4215}"
Wall Street suffers biggest weekly loss since January after hot CPI data - Moneycontrol,"<ol><li>Wall Street suffers biggest weekly loss since January after hot CPI data  Moneycontrol
</li><li>S&P 500 Slumps as Surprise Jump in Inflation to Keep Fed on Rate Hike Trail By Investing.com  Investing.com
</li><li>Wall St suffers biggest weekly loss …",US stocks posted their biggest weekly percentage declines since January and ended sharply lower on the day Friday as a steeper-than-expected rise in US consumer prices in May fueled fears of more agg… [+2744 chars],"{'neg': 0.31, 'neu': 0.69, 'pos': 0.0, 'compound': -0.6597}"
Ericsson brings 5G patent infringement battle to the UK,"Ericsson is extending its legal battle with Apple over 5G patents, with new filings indicating the patent infringement fight will also be taking place in the United Kingdom.In early 2022, Ericsson and Apple scaled up their disagreements over 5G patents that E…",AppleInsider is supported by its audience and may earn commission as an Amazon Associate and affiliate partner on qualifying purchases. These affiliate partnerships do not influence our editorial con… [+1680 chars],"{'neg': 0.449, 'neu': 0.551, 'pos': 0.0, 'compound': -0.6908}"
Apple honors winners in the 2022 Apple Design Awards,"On Monday, Apple announced the winners of its annual Design Awards, praising developers who have produced exceptional apps and games.Apple's annual Design Awards honor ""excellence in innovation, ingenuity, and technical achievement in app and game design."" An…",AppleInsider is supported by its audience and may earn commission as an Amazon Associate and affiliate partner on qualifying purchases. These affiliate partnerships do not influence our editorial con… [+4198 chars],"{'neg': 0.0, 'neu': 0.39, 'pos': 0.61, 'compound': 0.8555}"
Steve Jobs’ legacy lives on with the highest civilian honor in the U.S.,"Apple co-founder Steve Jobs will be honored, posthumously, with the Medal of Freedom, awarded by President Biden for contributions to the United States.","Steve Jobs will soon receive the highest civilian honor awarded in the U.S., the Presidential Medal of Freedom. The announcement was made today by President Biden and the award will be presented post… [+2137 chars]","{'neg': 0.0, 'neu': 0.789, 'pos': 0.211, 'compound': 0.4939}"
Tencent forms 'extended reality' unit as metaverse race gathers steam - sources - Reuters,"China's Tencent Holdings <a href=""https://www.reuters.com/companies/0700.HK"" target=""_blank"">(0700.HK)</a> announced to its staff on Monday the official formation of an ""extended reality"" (XR) unit, three people familiar with the matter said, formally placing…","HONG KONG, June 20 (Reuters) - China's Tencent Holdings (0700.HK) announced to its staff on Monday the official formation of an ""extended reality"" (XR) unit, three people familiar with the matter sai… [+2741 chars]","{'neg': 0.0, 'neu': 1.0, 'pos': 0.0, 'compound': 0.0}"
"Asian stocks track global shares lower, U.S. CPI in focus - Reuters.com","Asian shares tracked Wall Street lower on Friday, while the dollar held on to its overnight gains, after rate hike guidance from the European Central Bank and upcoming U.S. inflation data unnerved investors.","BEIJING/HONG KONG, June 10 (Reuters) - Asian shares tracked Wall Street lower on Friday, while the dollar held on to its overnight gains, after rate hike guidance from the European Central Bank and u… [+3924 chars]","{'neg': 0.153, 'neu': 0.694, 'pos': 0.153, 'compound': 0.0}"
Analysis: Buy Now Pay Later business model faces test as rates rise - Reuters.com,"Reduced consumer spending, rising interest rates and trickier credit conditions spell trouble for Buy Now Pay Later lenders, raising the prospect of consolidation in the sector.","LONDON, June 10 (Reuters) - Reduced consumer spending, rising interest rates and trickier credit conditions spell trouble for Buy Now Pay Later lenders, raising the prospect of consolidation in the s… [+5737 chars]","{'neg': 0.097, 'neu': 0.903, 'pos': 0.0, 'compound': -0.1027}"
Filing: ex-Apple retail chief Ron Johnson's at-home tech setup company Enjoy files for bankruptcy less than a year after a SPAC merger and sells to Asurion (Bloomberg),"Bloomberg:
Filing: ex-Apple retail chief Ron Johnson's at-home tech setup company Enjoy files for bankruptcy less than a year after a SPAC merger and sells to Asurion  —  Enjoy Technology Inc., a retail startup founded by former Apple Inc. executive Ron Johns…","The New Consumer— by Dan Frommer
A publication about how and why people spend their time and money, focusing on the most interesting and innovative companies, people, products, and trends.","{'neg': 0.0, 'neu': 0.89, 'pos': 0.11, 'compound': 0.4939}"
"Apple and Major League Soccer announce a 10-year broadcasting deal for MLS games, available in the Apple TV app with Apple TV+ in 2023, with some free to watch (Wall Street Journal)","Wall Street Journal:
Apple and Major League Soccer announce a 10-year broadcasting deal for MLS games, available in the Apple TV app with Apple TV+ in 2023, with some free to watch  —  Deal underscores iPhone maker's streaming ambitions and battle for sports …","The New Consumer— by Dan Frommer
A publication about how and why people spend their time and money, focusing on the most interesting and innovative companies, people, products, and trends.","{'neg': 0.0, 'neu': 0.904, 'pos': 0.096, 'compound': 0.5106}"
These Are America's 50 Most Patriotic Brands in 2022,Here are the top 50 brands consumers consider the most patriotic right now.,"Just in time for the Fourth of July, Brand Keys, Inc. has released the results of its 20th annual survey of America's most patriotic brands. The survey identifies the top 50 brands that consumers bel… [+5016 chars]","{'neg': 0.0, 'neu': 1.0, 'pos': 0.0, 'compound': 0.0}"
"Apple investigation urged over ""harmful"" data tracking built into iPhone","""Apple and Google ""knowingly facilitated these harmful practices by building advertising-specific tracking IDs into their mobile operating systems""

What you need to know


Apple and Google could be in trouble over claims of anticompetitive practices when it …","Four Democrat lawmakers have reportedly called on the FTC to investigate Apple and Google over creating harmful advertising tracking and IDs on their platforms.
WSJ reports:
Four Democratic lawmake… [+1778 chars]","{'neg': 0.0, 'neu': 1.0, 'pos': 0.0, 'compound': 0.0}"
"Apple Arcade games for iPhone, Mac, Apple TV [New: My Bowling 3D+]","Apple Arcade launched with close to 100 titles and the service is seeing new games added regularly with over 200 games now in the library. Follow along with our guide on Apple Arcade games.
New for 7/1: My Bowling 3D+ is the newest title on Apple Arcade.
 mor…","Apple Arcade launched with close to 100 titles and the service is seeing new games added regularly with over 200 games now in the library. Follow along with our guide on Apple Arcade games.
New for … [+73845 chars]","{'neg': 0.0, 'neu': 1.0, 'pos': 0.0, 'compound': 0.0}"
"Apple will handle the lending itself for Apple Pay Later; a wholly-owned subsidiary, Apple Financing LLC, will oversee credit checks and make decisions on loans (Mark Gurman/Bloomberg)","Mark Gurman / Bloomberg:
Apple will handle the lending itself for Apple Pay Later; a wholly-owned subsidiary, Apple Financing LLC, will oversee credit checks and make decisions on loans  —  Apple Inc. will handle the lending itself for a new “buy now, pay lat…","Cybersecurity Dive
In-depth journalism and daily insights into the most impactful news and trends shaping cybersecurity, covering the topics executives need to know: breaches, vulnerability, regulat… [+34 chars]","{'neg': 0.048, 'neu': 0.862, 'pos': 0.09, 'compound': 0.296}"
"Apple Arcade games for iPhone, Mac, Apple TV [New: Disney Jigsaw Puzzle]","Apple Arcade launched with close to 100 titles and the service is seeing new games added regularly with over 200 games now in the library. Follow along with our guide on Apple Arcade games.
New for 6/10: Disney Jigsaw Puzzle+ is the newest title on Apple Arca…","Apple Arcade launched with close to 100 titles and the service is seeing new games added regularly with over 200 games now in the library. Follow along with our guide on Apple Arcade games.
New for … [+73721 chars]","{'neg': 0.0, 'neu': 1.0, 'pos': 0.0, 'compound': 0.0}"
"Sources: Apple will use Apple ID data for identity verification and fraud prevention, rely on credit reports and FICO scores for its buy now, pay later service (AnnaMaria Andriotis/Wall Street Journal)","AnnaMaria Andriotis / Wall Street Journal:
Sources: Apple will use Apple ID data for identity verification and fraud prevention, rely on credit reports and FICO scores for its buy now, pay later service  —  Tech giant will approve borrowers and fund loans its…","The New Consumer— by Dan Frommer
A publication about how and why people spend their time and money, focusing on the most interesting and innovative companies, people, products, and trends.","{'neg': 0.145, 'neu': 0.782, 'pos': 0.073, 'compound': -0.3818}"
Here’s what we know about Apple’s plans for the Mac Pro and Pro Display XDR,"Apple’s two-year transition to its own silicon is finally over, except for one product: the Mac Pro. Another one that isn’t part of the Mac silicon transition but users are eager to know where it’s heading next is the Pro Display XDR.
Both of these products w…","Apple’s two-year transition to its own silicon is finally over, except for one product: the Mac Pro. Another one that isn’t part of the Mac silicon transition but users are eager to know where it’s h… [+3295 chars]","{'neg': 0.0, 'neu': 1.0, 'pos': 0.0, 'compound': 0.0}"
: Mark Zuckerberg issues dire economic warning to Meta employees,"Zuckerberg's chilling message to Meta Platforms Inc. employees: The company faces one of the ""worst downturns that we've seen in recent history"" that will necessitate a scaling back in hires and resources.",Mark Zuckerberg has issued a chilling message to Meta Platforms Inc. employees: The company faces one of the worst downturns that weve seen in recent history that will necessitate a scaling back in h… [+2233 chars],"{'neg': 0.403, 'neu': 0.597, 'pos': 0.0, 'compound': -0.6597}"
President Biden to award Steve Jobs with posthumous Medal of Freedom,The Biden Administration has announced the recipients of the Presidential Medal of Freedom for this year. Included among the list of 17 recipients is the late Apple CEO and cofounder Steve Jobs. The posthumous Presidential Medal of Freedom will be awarded to …,"The Biden Administration has announced the recipients of the Presidential Medal of Freedom for this year. Included among the list of 17 recipients is the late Apple CEO and cofounder Steve Jobs. 
Th… [+1566 chars]","{'neg': 0.0, 'neu': 0.426, 'pos': 0.574, 'compound': 0.8957}"
3 Robinhood Favs the Street Loves Too,"Given the largely speculative nature of the Robinhood-100 list, it’s not often that fundamentally focused research firms agree with the largely social media-driven retail trader. Yet the Street and Robinhooders...","Popular trading app Robinhood hasn't fared so well as a public company. Nearly a year ago, the stock debuted on the Nasdaq at $38.00 per share. On Friday, it closed at $8.00.
MarketBeat.com - Market… [+5069 chars]","{'neg': 0.0, 'neu': 0.619, 'pos': 0.381, 'compound': 0.5719}"
: These software companies are unsung winners in the semiconductor industry,"Mention semiconductors and chip giants such as Intel Corp., Advanced Micro Devices Inc. and NVIDIA Corp. spring to mind, but there are other, less high-profile companies, operating in the space that deserve attention.","Mention semiconductors and chip giants such as Intel Corp., Advanced Micro Devices Inc. and NVIDIA Corp. spring to mind, but there are other, less high-profile companies, operating in the space that … [+3828 chars]","{'neg': 0.0, 'neu': 0.763, 'pos': 0.237, 'compound': 0.4767}"
MarketWatch First Take: Pinterest’s new CEO faces rough road in getting users to buy instead of just pinning,"Pinterest Inc.'s incoming Chief Executive Bill Ready will face some major challenges at his new gig, in which he is clearly being tasked with remolding the scrapbooking/pinning site into more of an e-commerce player.","Pinterest Inc.s incoming new chief executive Bill Ready will face some major challenges in his new gig, in which he is clearly being tasked with remolding the scrapbooking/pinning site into more of a… [+3091 chars]","{'neg': 0.0, 'neu': 1.0, 'pos': 0.0, 'compound': 0.0}"
Jeff Bezos and Ambani set to battle over $7.7 billion cricket rights - Hindustan Times,Jeff Bezos and Ambani set to battle over $7.7 billion cricket rights  Hindustan TimesView Full coverage on Google News,"Jeff Bezos and Mukesh Ambani, two of the worlds richest men, are set for another clash. This time the fight is over media rights to the Super Bowl of cricket, one of the worlds fastest-growing sporti… [+6477 chars]","{'neg': 0.157, 'neu': 0.843, 'pos': 0.0, 'compound': -0.3818}"
Apple just got approval for a major new Apple Watch feature,"Could we see this at WWDC 22?

What you need to know


Apple has been granted approval for a new Apple Watch feature.
It lets you track your Atrial Fibrillation history. 
It could be unveiled in watchOS 9 at WWDC 22. 


Apple has been granted a new Apple Watc…","Apple has been granted a new Apple Watch health feature for use by the FDA just hours before WWDC and the announcement of watchOS 9.
As spotted by MyHealthyApple:
Apple Inc has received FDA's 510(k… [+822 chars]","{'neg': 0.0, 'neu': 0.763, 'pos': 0.237, 'compound': 0.4767}"
"Apple Inc workers in Maryland, US vote to join a union",Workers in Maryland become the first retail employees of Apple Inc to unionize in the United States.,"Apple Inc workers in the city of Maryland in the United States have voted to join a union, becoming the first retail employees of the tech giant to unionize in the country.
More than 100 workers in … [+1595 chars]","{'neg': 0.0, 'neu': 0.82, 'pos': 0.18, 'compound': 0.296}"
"Gene Levoff, a former lawyer at Apple, pleads guilty to insider trading; he allegedly traded ahead of quarterly earnings from 2011 to 2016 and was fired in 2018 (Jonathan Stempel/Reuters)","Jonathan Stempel / Reuters:
Gene Levoff, a former lawyer at Apple, pleads guilty to insider trading; he allegedly traded ahead of quarterly earnings from 2011 to 2016 and was fired in 2018  —  The former top corporate lawyer at Apple Inc (AAPL.O) pleaded guil…","The New Consumer— by Dan Frommer
A publication about how and why people spend their time and money, focusing on the most interesting and innovative companies, people, products, and trends.","{'neg': 0.186, 'neu': 0.814, 'pos': 0.0, 'compound': -0.7506}"
In One Chart: How big is the stock-market selloff? The S&P 500 erased $9.3 trillion from its market cap,"The 'wealth destruction we've seen has been absolutely massive,' according to Bespoke Investment Group.","Stocks, bonds and everything in between have been hard-hit this year as fears about high inflation have morphed into concerns about a potential U.S. recession.But what does the sharp rout in stocks m… [+1909 chars]","{'neg': 0.0, 'neu': 1.0, 'pos': 0.0, 'compound': 0.0}"
Goldman Sachs: These 3 Stocks Could Gain More Than 20% by Next Summer,"The stock market seems on track to post its worst first half in decades. And the volatility is not expected to subside anytime soon. Despite the market fluctuations, Goldman Sachs...","The stock market seems on track to post its worst first half in decades. And the volatility is not expected to subside anytime soon. Despite the market fluctuations, Goldman Sachs analysts expect fun… [+7994 chars]","{'neg': 0.0, 'neu': 0.779, 'pos': 0.221, 'compound': 0.5267}"
