,status,totalResults,source,author,title,description,url,urlToImage,publishedAt,content
0,ok,47,"{'id': None, 'name': 'Los Angeles Business Journal'}",,Development Sites Sell for $47M - Los Angeles Business Journal,Learn about a nearly $47 million sale of two sites in Hollywood and West Hollywood for redevelopment.,https://labusinessjournal.com/real-estate/development-sites-sell-for-47m/,https://d3evu7qlt2vui6.cloudfront.net/wp-content/uploads/2022/06/PGTK_RE-PAGE_DEVELOPMENT_0620_WeHo-e1655488940392-1024x645.png,2022-06-20T07:05:53Z,Two parcels on the border of West Hollywood and Hollywood with redevelopment potential have sold for $46.5 million.An unnamed local developer acquired the site; the developer already owns commercial … [+1641 chars]
1,ok,47,"{'id': None, 'name': 'Dailyinfographic.com'}",Lyle Opolentisima,"The 10 Most Valuable Sports Empires. Defined By Revenue, And Where They Are From.","When we talk about sports, it’s obvious that we’re talking about more than just the physical act of playing a game. Sports are big business in the United States and around the world, and as such, they attract an incredible amount of money—not just from ticket…",https://dailyinfographic.com/the-most-valuable-sports-empires,https://dailyinfographic.com/wp-content/uploads/2022/06/tcx80lsibf591.png,2022-06-19T12:15:55Z,"When we talk about sports, it’s obvious that we’re talking about more than just the physical act of playing a game. Sports are big business in the United States and around the world, and as such, the… [+6168 chars]"
2,ok,47,"{'id': None, 'name': 'Www.rfi.fr'}",RFI,"Warehouse business catches fire, boosted by pandemic, e-commerce - RFI English","The rise of e-commerce and the logistical nightmare created by the Covid-19 pandemic have caused a surge in demand for warehouse space in the United States, and big investment funds have taken note.",https://www.rfi.fr/en/warehouse-business-catches-fire-boosted-by-pandemic-e-commerce,https://s.rfi.fr/media/display/6ff0737c-ef72-11ec-bb72-005056a97e36/w:1280/p:16x9/Part-GTY-825338394-1-1-1.jpg,2022-06-19T01:52:14Z,"New York (AFP) The rise of e-commerce and the logistical nightmare created by the Covid-19 pandemic have caused a surge in demand for warehouse space in the United States, and big investment funds ha… [+3952 chars]"
3,ok,47,"{'id': None, 'name': 'Los Angeles Business Journal'}",,Melrose Sees Growing Interest - Los Angeles Business Journal,Learn about what is happening on Melrose Avenue and Melrose Place.,https://labusinessjournal.com/featured/melrose-sees-growing-interest/,https://d3evu7qlt2vui6.cloudfront.net/wp-content/uploads/2022/06/20220525RC.Melrose003-scaled-e1654285764819.jpg,2022-06-06T07:05:43Z,"Melrose Avenue and Melrose Place in West Hollywood are seeing growing interest from tenants as the street rebounds from the Covid-19 pandemic. The latest entrant? Ultra-luxury brand Gucci, which has … [+5532 chars]"
4,ok,47,"{'id': None, 'name': 'Los Angeles Business Journal'}",,LVMH's luxury hotel project approved - Los Angeles Business Journal,The long-awaited Cheval Blanc Beverly Hills hotel by LVMH Moët Hennessy Louis Vuitton was unanimously approved by the Beverly Hills Planning Commission on June 20. The 115-room luxury hotel is expected to face the Beverly Hills City Council to decide its fate…,https://labusinessjournal.com/featured/lvmhs-luxury-hotel-project-approved/,https://d3evu7qlt2vui6.cloudfront.net/wp-content/uploads/2022/06/PG01_HOTEL_0627-pc-Peter-Marino-Architect_hi-res-scaled-e1656088350537.jpg,2022-06-27T07:05:27Z,The long-awaited Cheval Blanc Beverly Hills hotel by LVMH Moët Hennessy Louis Vuitton was unanimously approved by the Beverly Hills Planning Commission on June 20. The 115-room luxury hotel is expect… [+5244 chars]
5,ok,47,"{'id': None, 'name': 'Yahoo Entertainment'}",PR Newswire,Real estate transparency gap widens in favor of leading global markets,"While many of the world's leading commercial real estate markets in North America, Western Europe and Australasia are becoming more transparent, most other...",https://finance.yahoo.com/news/real-estate-transparency-gap-widens-130000417.html,https://s.yimg.com/uu/api/res/1.2/T7Mghw9SnZ5._c34F3_isg--~B/aD0yOTQ7dz00MDA7YXBwaWQ9eXRhY2h5b24-/https://media.zenfs.com/en/prnewswire.com/b56107b77d4ff6229814efc96842ef89,2022-06-30T13:00:00Z,"Improvements reflect a post-pandemic focus on sustainability, increased adoption of real estate technology, investment in alternative sectors and better data availability
CHICAGO, June 30, 2022 /PRN… [+7359 chars]"
6,ok,47,"{'id': None, 'name': 'Business Wire'}",,City Center Realty Partners Sells Class A Office Building in Twin Cities Suburb to Investment Company O’Shaughnessy Holding Company,"EDINA, Minn.--(BUSINESS WIRE)--City Center Realty Partners sold a 45,000 square foot office building in Edina, Minnesota to O'Shaughnessy Holding Company.",https://www.businesswire.com/news/home/20220621005343/en/City-Center-Realty-Partners-Sells-Class-A-Office-Building-in-Twin-Cities-Suburb-to-Investment-Company-O%E2%80%99Shaughnessy-Holding-Company,https://mms.businesswire.com/media/20220621005343/en/1491641/23/7151MetroBlvdEdina_rev.jpg,2022-06-21T14:05:12Z,"EDINA, Minn.--(BUSINESS WIRE)--Developer City Center Realty Partners, LLC (CCRP), in a joint venture with Contrarian Capital Management, announced it has sold a 45,277square foot office building in E… [+3075 chars]"
7,ok,47,"{'id': None, 'name': 'Business Wire'}",,"Blackstone Real Estate Income Trust Completes $5.8 Billion Acquisition of Preferred Apartment Communities, Inc.","ATLANTA & NEW YORK--(BUSINESS WIRE)--Blackstone (NYSE: BX) and Preferred Apartments Communities, Inc. (NYSE: APTS) (“PAC” or the “Company”) today announced that Blackstone Real Estate Income Trust, Inc. (“BREIT”) has completed its previously announced acquisi…",https://www.businesswire.com/news/home/20220623005514/en/Blackstone-Real-Estate-Income-Trust-Completes-5.8-Billion-Acquisition-of-Preferred-Apartment-Communities-Inc.,https://mms.businesswire.com/media/20220623005514/en/1205655/23/PAC_Logo_%28ABBREVIATED%29_-_Black_%26_Red.jpg,2022-06-23T18:36:55Z,"ATLANTA &amp; NEW YORK--(BUSINESS WIRE)--Blackstone (NYSE: BX) and Preferred Apartments Communities, Inc. (NYSE: APTS) (PAC or the Company) today announced that Blackstone Real Estate Income Trust, I… [+3600 chars]"
8,ok,47,"{'id': None, 'name': 'Yahoo Entertainment'}",News Direct,How JLL Is Shaping the Future of Real Estate for a Better World,The built environment accounts for approximately 40% of total direct and indirect CO2 emissions. And with more than 2.5 billion people moving into cities in ...,https://finance.yahoo.com/news/jll-shaping-future-real-estate-140016630.html,https://s.yimg.com/uu/api/res/1.2/Iuel2ed44bYrRk6jSvZjvA--~B/aD00NjA7dz02NTA7YXBwaWQ9eXRhY2h5b24-/https://media.zenfs.com/en/news_direct/5a33c3b89a8b2570877c060f891dac38,2022-06-15T14:00:16Z,"Northampton, MA --News Direct-- 3BL Alerts
The built environment accounts for approximately 40% of total direct and indirect CO2 emissions. And with more than 2.5 billion people moving into cities i… [+5611 chars]"
9,ok,47,"{'id': None, 'name': 'Yahoo Entertainment'}",PR Newswire,"Global Real Estate Property Purchasing Market Sourcing and Procurement Report with Top Suppliers, Supplier Evaluation Metrics, and Procurement Strategies - SpendEdge","This report offers detailed insights and analysis of the major cost drivers, volume drivers, top suppliers, most suitable supplier selection criteria...",https://finance.yahoo.com/news/global-real-estate-property-purchasing-131500121.html,https://s.yimg.com/uu/api/res/1.2/z0YrxO_O3il1E6zdzEACHQ--~B/aD0yMjU7dz00MDA7YXBwaWQ9eXRhY2h5b24-/https://media.zenfs.com/en/prnewswire.com/f249b2a9003e4aa7b7fe67d0e048ebb5,2022-06-30T13:15:00Z,"NEW YORK, June 30, 2022 /PRNewswire/ -- This report offers detailed insights and analysis of the major cost drivers, volume drivers, top suppliers, most suitable supplier selection criteria, supplier… [+5775 chars]"
10,ok,47,"{'id': None, 'name': 'Yahoo Entertainment'}",ReportLinker,"Real Estate Market by Property Type, by Business - Global Opportunity Analysis and Industry Forecast, 2022 – 2030","Market Definition: Real estate market includes buying and selling of properties such as apartments, complexes, multi-family houses, and commercial...",https://finance.yahoo.com/news/real-estate-market-property-type-123800183.html,https://s.yimg.com/uu/api/res/1.2/IN3_pUboxxFTZlP4bjcjcQ--~B/aD00MDA7dz00MDA7YXBwaWQ9eXRhY2h5b24-/https://media.zenfs.com/en/globenewswire.com/4ce8962afb8a41766b626a7e61c8413f,2022-06-09T12:38:00Z,"Market Definition: Real estate market includes buying and selling of properties such as apartments, complexes, multi-family houses, and commercial &amp; industrial infrastructure among others.
New Y… [+4503 chars]"
11,ok,47,"{'id': None, 'name': 'Moneycontrol'}",AFP,"Warehouse business catches fire, boosted by pandemic, e-commerce","&quot;It's been a tremendous struggle to find the appropriate location for clients,&quot; said Michael Schipper of Blau &amp; Berg, a commercial real estate specialist in New Jersey and New York.",https://www.moneycontrol.com/news/business/warehouse-business-catches-fire-boosted-by-pandemic-e-commerce-8706381.html,https://images.moneycontrol.com/static-mcnews/2021/09/e-commerce-770x433.png,2022-06-19T05:48:24Z,"The rise of e-commerce and the logistical nightmare created by the Covid-19 pandemic have caused a surge in demand for warehouse space in the United States, and big investment funds have taken note.… [+3910 chars]"
12,ok,47,"{'id': None, 'name': 'Business Wire'}",,"New Residential Investment Corp. Announces Internalization and Rebrand to Rithm Capital, and Declares Second Quarter 2022 Dividends","NEW YORK--(BUSINESS WIRE)--New Residential Investment Corp. Announces Internalization and Rebrand to Rithm Capital, and Declares Second Quarter 2022 Dividends",https://www.businesswire.com/news/home/20220617005477/en/New-Residential-Investment-Corp.-Announces-Internalization-and-Rebrand-to-Rithm-Capital-and-Declares-Second-Quarter-2022-Dividends,https://mms.businesswire.com/media/20220617005477/en/369486/23/NewResidential.logo.jpg,2022-06-17T20:39:14Z,NEW YORK--(BUSINESS WIRE)--New Residential Investment Corp. (NYSE: NRZ) (NRZ or the Company) announced today it has entered into agreements providing for the internalization of the Companys managemen… [+11447 chars]
13,ok,47,"{'id': None, 'name': 'Mondoweiss'}",Palestine Action,Israeli weapons maker shuts London HQ following sustained protest,"After relentless direct action and a number of arrests, Palestine Action has made business in Britain's capital inoperable for Israel's largest weapons company, Elbit Systems.",https://mondoweiss.net/2022/06/israeli-weapons-maker-shuts-london-hq-following-sustained-protest/,https://mondoweiss.net/wp-content/uploads/2022/06/PalestineAction-London31-5-22-14.jpeg,2022-06-20T17:12:41Z,"Editor’s Note: The following press release was issued by Palestine Action on June 20, 2022. Mondoweiss occasionally publishes press releases and statements from organizations in an effort to draw att… [+5314 chars]"
14,ok,47,"{'id': None, 'name': 'Yahoo Entertainment'}",CNW Group,JLL launches the Centre of Excellence for Sustainability in Commercial Real Estate in Montréal,"JLL Canada, a leading professional services firm that specializes in real estate and investment management, is proud to announce the launch of the Centre of ...",https://finance.yahoo.com/news/jll-launches-centre-excellence-sustainability-103000433.html,https://s.yimg.com/uu/api/res/1.2/zKYEvA3fepSQu2jmZEruVg--~B/aD0xNjt3PTE2O2FwcGlkPXl0YWNoeW9u/https://media.zenfs.com/en/cnwgroup.com/60fef79cadb08825ab8c952f1196d72d,2022-06-16T10:30:00Z,"The city will become a global research and development hub for designing more sustainable and greener buildings
QUÉBEC, June 16, 2022 /CNW Telbec/ - JLL Canada, a leading professional services firm … [+6970 chars]"
15,ok,47,"{'id': None, 'name': 'Yahoo Entertainment'}",PR Newswire,The Leukemia & Lymphoma Society (LLS) Announces Board of Directors Officer Appointments; Welcomes New Board Member,"The Leukemia & Lymphoma Society (LLS) announced today National Board Officer appointments, as well as a new national board member. The National Board of...",https://finance.yahoo.com/news/leukemia-lymphoma-society-lls-announces-130000334.html,https://s.yimg.com/uu/api/res/1.2/zpVuVJijCdO5HLVKkdiAzA--~B/aD0yMTI7dz00MDA7YXBwaWQ9eXRhY2h5b24-/https://media.zenfs.com/en/prnewswire.com/7dbf177be986b3810bcabf05134d06dd,2022-07-01T13:00:00Z,"Broad range of impactful world-class leaders compose board of LLS, global leader in the fight against blood cancer.
RYE BROOK, N.Y., July 1, 2022 /PRNewswire/ -- The Leukemia &amp; Lymphoma Society … [+8055 chars]"
16,ok,47,"{'id': None, 'name': 'Yahoo Entertainment'}","Kiuyan Wong, Shirley Zhao and John Cheng",Chinese Firms Are Dominating Key Parts of Hong Kong’s Economy,"(Bloomberg) -- Half way to the point when Hong Kong will officially be enveloped by China, Beijing is not just calling the shots politically, but in vast...",https://finance.yahoo.com/news/chinese-firms-dominating-key-parts-210000094.html,https://s.yimg.com/ny/api/res/1.2/XRVNyDJWU0vdHYzo.8lOsQ--/YXBwaWQ9aGlnaGxhbmRlcjt3PTEyMDA7aD02NDM-/https://s.yimg.com/uu/api/res/1.2/jZwFUcpY_wx_pL21u8QPRQ--~B/aD02OTQ7dz0xMjk2O2FwcGlkPXl0YWNoeW9u/https://media.zenfs.com/en/bloomberg_markets_842/64dd96098d709ae36005472d61d44f12,2022-06-26T21:00:00Z,"(Bloomberg) -- Half way to the point when Hong Kong will officially be enveloped by China, Beijing is not just calling the shots politically, but in vast swathes of the citys $344 billion economy.
M… [+7822 chars]"
17,ok,47,"{'id': None, 'name': 'Yahoo Entertainment'}","Kiuyan Wong, Shirley Zhao and John Cheng",Chinese Firms Are Dominating Key Parts of Hong Kong’s Economy,"(Bloomberg) -- Half way to the point when Hong Kong will officially be enveloped by China, Beijing is not just calling the shots politically, but in vast...",https://finance.yahoo.com/news/chinese-firms-dominating-key-parts-210000514.html,https://s.yimg.com/ny/api/res/1.2/hDC6xcpeqziHJfd_6xBPbQ--/YXBwaWQ9aGlnaGxhbmRlcjt3PTEyMDA7aD02NDM-/https://s.yimg.com/uu/api/res/1.2/SceMVyING3lQ2Umwqh8Ciw--~B/aD02OTQ7dz0xMjk2O2FwcGlkPXl0YWNoeW9u/https://media.zenfs.com/en/bloomberg_politics_602/64dd96098d709ae36005472d61d44f12,2022-06-26T21:00:00Z,"(Bloomberg) -- Half way to the point when Hong Kong will officially be enveloped by China, Beijing is not just calling the shots politically, but in vast swathes of the citys $344 billion economy.
M… [+7822 chars]"
18,ok,47,"{'id': None, 'name': 'Business Wire'}",,StratCap Acquires Cleveland Data Center,"GREENWICH, Conn.--(BUSINESS WIRE)--StratCap’s (“StratCap” or the “Company”) institutional data center real estate investment platform, Strategic Datasphere, LLC (“Datasphere”), has completed the acquisition of a 187,000 square foot facility with a high-densit…",https://www.businesswire.com/news/home/20220606005928/en/StratCap-Acquires-Cleveland-Data-Center,https://mms.businesswire.com/media/20220606005928/en/1477727/23/Cleveland_DC_2.jpg,2022-06-06T19:25:17Z,"GREENWICH, Conn.--(BUSINESS WIRE)--StratCaps (StratCap or the Company) institutional data center real estate investment platform, Strategic Datasphere, LLC (Datasphere), has completed the acquisition… [+4359 chars]"
19,ok,47,"{'id': None, 'name': 'Moneycontrol'}",Mehul R Thakkar,What type of property can you buy for under Rs 1 crore in Mumbai?,"Mumbai is the financial capital of India and India#39;s most expensive property market and finding space with that budget in the city is very difficult, but not impossible. Moneycontrol lists the options you have.",https://www.moneycontrol.com/news/business/real-estate/what-type-of-property-can-you-buy-for-under-rs-1-crore-in-mumbai-8665441.html,https://images.moneycontrol.com/static-mcnews/2021/01/Mumbai-luxury-real-estate-770x433.jpg,2022-06-10T04:49:01Z,"Wondering what type of property you can buy in Mumbai with a budget of Rs 1 crore?
Your options range from a studio apartment in Central Mumbai to a 1 BHK flat in the distant suburbs. You may also b… [+6881 chars]"
20,ok,47,"{'id': None, 'name': 'Yahoo Entertainment'}",PR Newswire,New Study from StrategyR Highlights a $222.9 Billion Global Market for Healthcare Facilities Management by 2026,"A new market study published by Global Industry Analysts Inc., (GIA) the premier market research company, today released its report titled ""Healthcare...",https://finance.yahoo.com/news/study-strategyr-highlights-222-9-083500268.html,https://s.yimg.com/uu/api/res/1.2/Vv_URqdDhS7VmPksC_GIbg--~B/aD0yNDE7dz00MDA7YXBwaWQ9eXRhY2h5b24-/https://media.zenfs.com/en/prnewswire.com/3efbe81ca26dfd8865e6f76a25ffec70,2022-07-04T08:35:00Z,"SAN FRANCISCO, July 4, 2022 /PRNewswire/ -- A new market study published by Global Industry Analysts Inc., (GIA) the premier market research company, today released its report titled ""Healthcare Faci… [+10749 chars]"
21,ok,47,"{'id': None, 'name': 'Boston Herald'}",Tribune News Service,Could site of a proposed Chicago Bears stadium in Arlington Heights also include a minor-league baseball complex?,"The Chicago Bears are making progress toward completing their purchase of Arlington International Racecourse in Arlington Heights, officials say, with the clock ticking toward a deadline to seal the deal in 2023.. In September 2021, the team announced it had …",https://www.bostonherald.com/2022/06/30/could-site-of-a-proposed-chicago-bears-stadium-in-arlington-heights-also-include-a-minor-league-baseball-complex/,https://www.bostonherald.com/wp-content/uploads/2022/06/202206300617TMS_____MNGTRPUB_SPORTS-COULD-SITE-PROPOSED-CHICAGO-BEARS-STADIUM-9-TB5.jpg?w=1024&h=683,2022-06-30T10:20:21Z,"The Chicago Bears are making progress toward completing their purchase of Arlington International Racecourse in Arlington Heights, officials say, with the clock ticking toward a deadline to seal the … [+4513 chars]"
22,ok,47,"{'id': None, 'name': 'Boston Herald'}",Tribune News Service,Could the site of a proposed Chicago Bears stadium in Arlington Heights also include a minor league baseball complex?,"The Chicago Bears are making progress toward completing their purchase of Arlington International Racecourse in Arlington Heights, officials say, with the clock ticking toward a deadline to seal the deal in 2023.. In September 2021, the team announced it had …",https://www.bostonherald.com/2022/07/04/could-the-site-of-a-proposed-chicago-bears-stadium-in-arlington-heights-also-include-a-minor-league-baseball-complex/,https://www.bostonherald.com/wp-content/uploads/2022/07/202207011718TMS_____MNGTRPUB_SPORTS-COULD-SITE-PROPOSED-CHICAGO-BEARS-STADIUM-9-TB5.jpg?w=1024&h=683,2022-07-04T22:15:52Z,"The Chicago Bears are making progress toward completing their purchase of Arlington International Racecourse in Arlington Heights, officials say, with the clock ticking toward a deadline to seal the … [+4513 chars]"
23,ok,47,"{'id': None, 'name': 'Seeking Alpha'}",Robert Honeywill,Jones Lang LaSalle: About To Break Out - Strong Buy,It has been a rollercoaster ride for Jones Lang LaSalle stock so far. Why do I recommend buying JLL now and holding through end of 2024? Click here to find out.,https://seekingalpha.com/article/4520500-jones-lang-lasalle-strong-buy,https://static.seekingalpha.com/cdn/s3/uploads/getty_images/1303172177/image_1303172177.jpg?io=getty-c-w750,2022-06-29T15:00:00Z,"JHVEPhoto/iStock Editorial via Getty Images
Jones Lang LaSalle: Investment Thesis
 Jones Lang LaSalle (JLL) has a strong balance sheet with modest debt levels. The company achieved earnings beats o… [+19900 chars]"
24,ok,47,"{'id': None, 'name': 'PRNewswire'}",,"USD 838.86 Billion Growth is expected in Real Estate Leasing Market by 2026 | 1,200+ Sourcing and Procurement Report | SpendEdge","Real Estate Leasing Market Report highlights the effect of COVID-19 on this market. CBRE Group Inc., Jones Lang LaSalle Inc., and Cushman & Wakefield Plc. will emerge as Real Estate Leasing suppliers by 2026. NEW YORK, June 21, 2022 /PRNewswire/ -- The Real E…",https://www.prnewswire.com/news-releases/usd-838-86-billion-growth-is-expected-in-real-estate-leasing-market-by-2026--1-200-sourcing-and-procurement-report--spendedge-301570468.html,https://mma.prnewswire.com/media/1842478/SpendEdge___Real_Estate_Leasing_Market.jpg?p=facebook,2022-06-21T18:05:00Z,"Major Price Trends in the Real Estate Leasing Market Procurement Market
The pressure from substitutes and a moderate level of threat from new entrants has resulted in the moderate bargaining power o… [+2508 chars]"
25,ok,47,"{'id': None, 'name': 'Www.gov.uk'}",,Jane Hamilton,"Jane has over 30 years of experience in the property, education and government sectors. Jane is currently the Chair of NHS Property Services Ltd and the Chair of Council of the University of Essex. She is also a Non-Executive Director of the Government Proper…",https://www.gov.uk/government/people/jane-hamilton,https://assets.publishing.service.gov.uk/government/uploads/system/uploads/person/image/3510/s465_Jane_Hamilton-NED-960x640px.png,2022-06-17T15:57:30Z,"Jane has over 30 years of experience in the property, education and government sectors. Jane is currently the Chair of NHS Property Services Ltd and the Chair of Council of the University of Essex. S… [+953 chars]"
26,ok,47,"{'id': None, 'name': 'Electronicintifada.net'}",Kit Klarenberg,Has Britain drafted a law to protect Israel's weapons makers?,Palestine Action believes it is being targeted by the National Security Bill.,https://electronicintifada.net/content/has-britain-drafted-law-protect-israels-weapons-makers/35746,https://electronicintifada.net/sites/default/files/styles/original_800w/public/2022-06/palestine_action_protest-39-04-june_22_2022.jpg?itok=MDPco3en,2022-06-24T09:39:36Z,"Kit KlarenbergThe Electronic Intifada24 June 2022
Palestine Action has forced Elbit Systems to leave two of the 10 sites from which it operates in Britain. 
VX Pictures
Palestine Action has proven… [+4840 chars]"
27,ok,47,"{'id': None, 'name': 'Entrepreneur'}",Komal Bhattar,3 Beaten-Down Real Estate Stocks That Look Cheap,"The real estate market is expected to see significant growth in the near term with technological advancements and organizations revamping their operations from offices. Given this scenario, we think beaten-down...",https://www.entrepreneur.com/article/429823,https://assets.entrepreneur.com/providers/stocknews/hero-image-stocknews-429823.jpeg,2022-06-18T19:36:57Z,"The real estate market is expected to see significant growth in the near term with technological advancements and organizations revamping their operations from offices. Given this scenario, we think … [+6755 chars]"
28,ok,47,"{'id': None, 'name': 'Finextra'}",Editorial Team,Mast raises £1.2m for mortgage origination platform,London-based cloud-native mortgage origination platform Mast Technologies has raised £1.2 million in a funding round led by Antler VC.,https://www.finextra.com/newsarticle/40453/mast-raises-12m-for-mortgage-origination-platform,https://www.finextra.com/finextra-images/top_pics/xl/rszmastteamphotofromlefttoright-joyceohenryctorobcpo.jpg,2022-06-15T06:05:03Z,"London-based cloud-native mortgage origination platform Mast Technologies has raised £1.2 million in a funding round led by Antler VC.
Angel investors including founders of Booking.com, Monzo and Th… [+843 chars]"
29,ok,47,"{'id': None, 'name': 'Securitynewspaper.com'}",Octavio Mares,Major Russian law firm is hacked; terabytes of stolen data,"Anonymous hackers have claimed responsibility for a new cyberattack targeting a Russian organization. This time, the hacktivist collective claims to have stolen around 1 TB of information belonging to the important law firm Rustam Kurmaev and Partners (RKP La…",https://www.securitynewspaper.com/2022/06/06/major-russian-law-firm-is-hacked-terabytes-of-stolen-data/,https://www.securitynewspaper.com/snews-up/2022/02/hackedfeat.jpg,2022-06-06T23:10:00Z,"Anonymous hackers have claimed responsibility for a new cyberattack targeting a Russian organization. This time, the hacktivist collective claims to have stolen around 1 TB of information belonging t… [+2778 chars]"
30,ok,47,"{'id': None, 'name': 'Minneapolis Star Tribune'}",Neal St. Anthony,Leadership program alumni tackling diversity issues facing Minnesota,"The Minnesota Young American Leaders Program has helped tackle business and education leadership diversity, among other topics.",https://www.startribune.com/leadership-program-alumni-tackling-diversity-issues-facing-minnesota/600185728/,https://chorus.stimg.co/23655252/David_Edgerton_Jr..jpg?h=630&w=1200&fit=crop&bg=999&crop=faces,2022-06-27T21:08:44Z,"David Edgerton Jr., a St. Paul small business owner, is grateful for the Minnesota Young American Leaders Program.
Without the group's learn-and-collaborate seminar he attended in 2019, Edgerton wou… [+4447 chars]"
31,ok,47,"{'id': None, 'name': 'PRNewswire'}",,JLL publishes 2021 Global Sustainability Report,"Report highlights progress and achievements in Climate action, Healthy spaces and Inclusive places CHICAGO, June 6, 2022 /PRNewswire/ -- JLL (NYSE: JLL) released its 2021 Global Sustainability Report today, providing comprehensive updates on the progress it i…",https://www.prnewswire.com/news-releases/jll-publishes-2021-global-sustainability-report-301560554.html,https://mma.prnewswire.com/media/487047/JLL_Logo.jpg?p=facebook,2022-06-06T12:00:00Z,"Report highlights progress and achievements in Climate action, Healthy spaces and Inclusive places
CHICAGO, June 6, 2022 /PRNewswire/ -- JLL (NYSE: JLL) released its 2021 Global Sustainability Repor… [+5193 chars]"
32,ok,47,"{'id': None, 'name': 'PRNewswire'}",,Real estate transparency gap widens in favor of leading global markets,"Improvements reflect a post-pandemic focus on sustainability, increased adoption of real estate technology, investment in alternative sectors and better data availability CHICAGO, June 30, 2022 /PRNewswire/ -- While many of the world's leading commercial real…",https://www.prnewswire.com/news-releases/real-estate-transparency-gap-widens-in-favor-of-leading-global-markets-301578309.html,https://mma.prnewswire.com/media/1849753/Picture1.jpg?p=facebook,2022-06-30T13:00:00Z,"Improvements reflect a post-pandemic focus on sustainability, increased adoption of real estate technology, investment in alternative sectors and better data availability
CHICAGO, June 30, 2022 /PRN… [+7013 chars]"
33,ok,47,"{'id': None, 'name': 'Seeking Alpha'}",Gold Panda,Landsea Homes Seems To Be In The Right Place In A Booming Market,"Landsea Homes focuses on entry-level homes for millennial home buyers, and completed 2 acquisitions since Jan 2021. See why I rate LSEA stock as speculative buy.",https://seekingalpha.com/article/4517166-landsea-homes-right-place-booming-market,https://static.seekingalpha.com/cdn/s3/uploads/getty_images/1320991884/image_1320991884.jpg?io=getty-c-w750,2022-06-08T17:16:33Z,"jimfeng/E+ via Getty Images
Introduction
 I like to write about companies that lack coverage on SA and today I'm taking a look at Landsea Homes (NASDAQ:LSEA). It's a residential home building compa… [+6654 chars]"
34,ok,47,"{'id': None, 'name': 'PRNewswire'}",,"Global Real Estate Property Purchasing Market Sourcing and Procurement Report with Top Suppliers, Supplier Evaluation Metrics, and Procurement Strategies - SpendEdge","NEW YORK, June 30, 2022 /PRNewswire/ -- This report offers detailed insights and analysis of the major cost drivers, volume drivers, top suppliers, most suitable supplier selection criteria, supplier evaluation metrics, SLA that buyers should consider and inn…",https://www.prnewswire.com/news-releases/global-real-estate-property-purchasing-market-sourcing-and-procurement-report-with-top-suppliers-supplier-evaluation-metrics-and-procurement-strategies--spendedge-301577009.html,https://mma.prnewswire.com/media/1849297/Real_Estate_Property.jpg?p=facebook,2022-06-30T13:15:00Z,"Get a free sample of this data, download our sample report: https://spendedge.com/procurement-report/real-estate-property-purchasing-procurement-market-intelligence-report
Who are the Top Suppliers … [+4258 chars]"
35,ok,47,"{'id': None, 'name': 'PRNewswire'}",,The Leukemia & Lymphoma Society (LLS) Announces Board of Directors Officer Appointments; Welcomes New Board Member,"Broad range of impactful world-class leaders compose board of LLS, global leader in the fight against blood cancer. RYE BROOK, N.Y., July 1, 2022 /PRNewswire/ -- The Leukemia & Lymphoma Society (LLS) announced today National Board Officer appointments, as wel…",https://www.prnewswire.com/news-releases/the-leukemia--lymphoma-society-lls-announces-board-of-directors-officer-appointments-welcomes-new-board-member-301579498.html,https://mma.prnewswire.com/media/808561/Leukemia_Lymphoma_Society_Logo.jpg?p=facebook,2022-07-01T13:00:00Z,"Broad range of impactful world-class leaders compose board of LLS, global leader in the fight against blood cancer.
RYE BROOK, N.Y., July 1, 2022 /PRNewswire/ -- The Leukemia &amp; Lymphoma Society … [+7754 chars]"
36,ok,47,"{'id': None, 'name': 'Haceonline.org'}",,Communications Operations Manager (Remote),"About JLL -
We're JLL-a leading professional services and investment management firm specializing in real estate. We have operations in over 80 countries and a workforce of over 98,000 individuals around ...",https://jobs.haceonline.org/job/communications-operations-manager-remote/64111794/,https://d3ogvqw9m2inp7.cloudfront.net/assets/dynamic/headers/cc/responsive/partner_lib/1691/img/logo-1691.png,2022-06-26T06:00:00Z,"Description
About JLL -We're JLL-a leading professional services and investment management firm specializing in real estate. We have operations in over 80 countries and a workforce of over 98,000 in… [+6510 chars]"
37,ok,47,"{'id': None, 'name': 'Haceonline.org'}",,"Director, Communications","About JLL -
We're JLL-a leading professional services and investment management firm specializing in real estate. We have operations in over 80 countries and a workforce of over 98,000 individuals around ...",https://jobs.haceonline.org/job/director-communications/64011834/,https://d3ogvqw9m2inp7.cloudfront.net/assets/dynamic/headers/cc/responsive/partner_lib/1691/img/logo-1691.png,2022-06-21T06:00:00Z,"Description
About JLL -We're JLL-a leading professional services and investment management firm specializing in real estate. We have operations in over 80 countries and a workforce of over 98,000 in… [+7401 chars]"
38,ok,47,"{'id': None, 'name': 'Haceonline.org'}",,Public Relations Manager,"About JLL -
We're JLL-a leading professional services and investment management firm specializing in real estate. We have operations in over 80 countries and a workforce of over 98,000 individuals around ...",https://jobs.haceonline.org/job/public-relations-manager/64111812/,https://d3ogvqw9m2inp7.cloudfront.net/assets/dynamic/headers/cc/responsive/partner_lib/1691/img/logo-1691.png,2022-06-26T06:00:00Z,"Description
About JLL -We're JLL-a leading professional services and investment management firm specializing in real estate. We have operations in over 80 countries and a workforce of over 98,000 in… [+8215 chars]"
39,ok,47,"{'id': None, 'name': 'Seeking Alpha'}",John Vincent,Tracking John Rogers' Ariel Investments Portfolio - Q1 2022 Update,"John Rogers' Ariel Investments filed its regulatory 13F Form on 5/13. Click here to read more about the top holdings, stake disposals, increases, and decreases.",https://seekingalpha.com/article/4519825-john-rogers-ariel-investments-portfolio-q1-2022-update,https://static.seekingalpha.com/cdn/s3/uploads/getty_images/477618545/image_477618545.jpg?io=getty-c-w750,2022-06-23T02:23:28Z,"Alex Wong/Getty Images News
This article is part of a series that provides an ongoing analysis of the changes made to Ariel Investments' 13F stock portfolio on a quarterly basis. It is based on Arie… [+13074 chars]"
40,ok,47,"{'id': None, 'name': 'Haceonline.org'}",,"Manager, Communications","About JLL -
We're JLL-a leading professional services and investment management firm specializing in real estate. We have operations in over 80 countries and a workforce of over 98,000 individuals around ...",https://jobs.haceonline.org/job/manager-communications/64302840/,https://d3ogvqw9m2inp7.cloudfront.net/assets/dynamic/headers/cc/responsive/partner_lib/1691/img/logo-1691.png,2022-07-04T06:00:00Z,"Description
About JLL -We're JLL-a leading professional services and investment management firm specializing in real estate. We have operations in over 80 countries and a workforce of over 98,000 in… [+8809 chars]"
41,ok,47,"{'id': None, 'name': 'The Denver Post'}",Tribune News Service,Could the site of a proposed Chicago Bears stadium in Arlington Heights also include a minor league baseball complex?,"The Chicago Bears are making progress toward completing their purchase of Arlington International Racecourse in Arlington Heights, officials say, with the clock ticking toward a deadline to seal the deal in 2023.. In September 2021, the team announced it had …",https://www.denverpost.com/2022/07/04/could-the-site-of-a-proposed-chicago-bears-stadium-in-arlington-heights-also-include-a-minor-league-baseball-complex/,https://www.denverpost.com/wp-content/uploads/2022/07/202207011718TMS_____MNGTRPUB_SPORTS-COULD-SITE-PROPOSED-CHICAGO-BEARS-STADIUM-9-TB5.jpg?w=1024&h=683,2022-07-04T22:16:21Z,"The Chicago Bears are making progress toward completing their purchase of Arlington International Racecourse in Arlington Heights, officials say, with the clock ticking toward a deadline to seal the … [+4513 chars]"
42,ok,47,"{'id': None, 'name': 'The Denver Post'}",Tribune News Service,Could site of a proposed Chicago Bears stadium in Arlington Heights also include a minor-league baseball complex?,"The Chicago Bears are making progress toward completing their purchase of Arlington International Racecourse in Arlington Heights, officials say, with the clock ticking toward a deadline to seal the deal in 2023.. In September 2021, the team announced it had …",https://www.denverpost.com/2022/06/30/could-site-of-a-proposed-chicago-bears-stadium-in-arlington-heights-also-include-a-minor-league-baseball-complex/,https://www.denverpost.com/wp-content/uploads/2022/06/202206300617TMS_____MNGTRPUB_SPORTS-COULD-SITE-PROPOSED-CHICAGO-BEARS-STADIUM-9-TB5.jpg?w=1024&h=683,2022-06-30T10:20:07Z,"The Chicago Bears are making progress toward completing their purchase of Arlington International Racecourse in Arlington Heights, officials say, with the clock ticking toward a deadline to seal the … [+4513 chars]"
43,ok,47,"{'id': None, 'name': 'PRNewswire'}",,New Study from StrategyR Highlights a $222.9 Billion Global Market for Healthcare Facilities Management by 2026,"SAN FRANCISCO, July 4, 2022 /PRNewswire/ -- A new market study published by Global Industry Analysts Inc., (GIA) the premier market research company, today released its report titled ""Healthcare Facilities Management - Global Market Trajectory & Analytics"". T…",https://www.prnewswire.com/news-releases/new-study-from-strategyr-highlights-a-222-9-billion-global-market-for-healthcare-facilities-management-by-2026--301579588.html,https://mma.prnewswire.com/media/1851912/Global_Industry_Analyst.jpg?p=facebook,2022-07-04T08:35:00Z,"Edition: 18; Released: June 2022Executive Pool: 1812Companies: 118 - Players covered include ABM; AmeriPride Services Inc.; ARAMARK Corporation; Compass Group PLC; Ecolab, Inc.; Founders 3 Real Estat… [+9997 chars]"
44,ok,47,"{'id': None, 'name': 'Chicago Tribune'}",Robert McCoppin,Could site of a proposed Chicago Bears stadium in Arlington Heights also include a minor-league baseball complex?,The Chicago Bears are making progress toward completing their deal to move to Arlington Heights. One outsider has proposed adding a minor-league baseball complex to the site.,https://www.chicagotribune.com/news/breaking/ct-chicago-bears-arlington-park-progress-20220630-uvrsbq76jngfxnwcccz6vglfvu-story.html,https://www.chicagotribune.com/resizer/PCBaNKZdpWPd3ffnCFrHAPFCYMs=/1200x630/filters:format(jpg):quality(70):focal(905x802:915x812)/cloudfront-us-east-1.images.arcpublishing.com/tronc/KG24PN57TVCZHMHEQUT4345HLM.jpg,2022-06-30T10:00:00Z,"The Chicago Bears are making progress toward completing their purchase of Arlington International Racecourse in Arlington Heights, officials say, with the clock ticking toward a deadline to seal the … [+5065 chars]"
45,ok,47,"{'id': 'bloomberg', 'name': 'Bloomberg'}","Kiuyan Wong, Shirley Zhao, John Cheng",Chinese Firms Are Dominating Key Parts of Hong Kong's Economy - Bloomberg,"Half way to the point when Hong Kong will officially be enveloped by China, Beijing is not just calling the shots politically, but in vast swathes of the city’s $344 billion economy.",https://www.bloomberg.com/news/articles/2022-06-26/chinese-firms-are-dominating-key-parts-of-hong-kong-s-economy,https://assets.bwbx.io/images/users/iqjWHBFdfxIU/iHGYV4inIuug/v0/1200x900.jpg,2022-06-26T21:00:00Z,"Half way to the point when Hong Kong will officially be enveloped by China, Beijing is not just calling the shots politically, but in vast swathes of the citys $344 billion economy.
From the stock e… [+9352 chars]"
46,ok,47,"{'id': 'politico', 'name': 'Politico'}","By Erin Durkin, Anna Gronewold and Julian Shen-Berro",Adams' latest co-op confusion,,https://www.politico.com/newsletters/new-york-playbook/2022/06/23/co-op-confusion-for-adams-00041648,https://static.politico.com/da/f5/44342c424c68b675719324b1106b/politico.jpg,2022-06-23T11:44:20Z,"Presented by Equinor
The long-running saga of the many homes of New York City Mayor Eric Adams continues. The latest: Documents reveal that Adams
 still owns half of a Brooklyn apartment, which he … [+27249 chars]"
